label,text,n_tokens,kannada_script_pct,romanized_kannada_pct,kannada_language_pct,english_pct,effective_score,low_confidence,bucket
Positive,Sir navu kannadadavru #asn moviena nale release madidru nodthivi.... #Kgf rangeGe bere bhashelu promote madi modlu...Kannadadallanthu % hit,18,0.0,0.7333,0.7333,0.2667,0.5333,False,medium
Positive,Super bro nim song,4,0.0,0.25,0.25,0.75,0.5,False,medium
Negative,Naa innomme e movie naodalla  avanajji eradu dina aytu hale hudgi nenapagi uta illa nidde illa sayotara annistide,18,0.0,0.7778,0.7778,0.2222,0.4444,False,medium
Negative,Tiktok inda nam personal information china avrge gottagtide.... idella avrge gottagtilla bvc galu... ban madidre avrge madok bere kelsa iralvalla adke itara adtidare🤦‍and yar yaru tiktok ban madbardu anta heltaro avr videos nododna  modlu stop madbeku,36,0.0,0.7647,0.7647,0.2353,0.4706,False,medium
Positive,Anna super aaegi magadheera videos entertainment new folder,8,0.0,0.25,0.25,0.75,0.5,False,medium
Positive,Lo Anna ninu nijvada hero kanocorrect agi helde,8,0.0,0.7143,0.7143,0.2857,0.5714,False,medium
Negative,Chutiyaa Ganesh gintaa olle movie irutthe bidu guru idu. Ganesh ge olle swamake maadoke helu modlu,16,0.0,0.7857,0.7857,0.2143,0.4286,False,medium
Mixed feelings,Bro aa game  name  heli,5,0.0,0.2,0.2,0.8,0.4,False,medium
Positive,Power Star fans like madi,5,0.0,0.25,0.25,0.75,0.5,False,medium
Positive,Super avanu helidanalla yelo galate ante avanu sikudre japli yelo togoduu odibeku tuuu.nNivu inu roste madtairi..nJai creative kannadiga..,18,0.0,0.8235,0.8235,0.1765,0.3529,False,medium
Negative,Boss E nan makluge,4,0.0,0.25,0.25,0.75,0.5,False,medium
Positive,Shankar ashwath sir devaru  olledu madli sir nimge,8,0.0,0.75,0.75,0.25,0.5,False,medium
Positive,@Kumara Kantirava nSame nInnu eno bekunnKgf song listen nEsto powerfull idennElla languagenna nAttract maadidenBut idu,15,0.0,0.8571,0.8571,0.1429,0.2857,False,medium
Negative,Thu nem yogyathe ge maha vishnu hesaru ettu entha movie tegitira nachige agbeku nemge,14,0.0,0.7857,0.7857,0.2143,0.4286,False,medium
Positive,Supar anna love you pajuanna....,5,0.0,0.25,0.25,0.75,0.5,False,medium
Positive,sandalwood ge obba trend setter sikkidaane..n.n.n.n.n.nyaaravnu???n.n.n.n.n.n.nAvane Srimannarayana,7,0.0,0.2,0.2,0.8,0.4,False,medium
Negative,Guru nin heliddu super nija.adre e Bindu lowda avn ammun tukali sule maklige uriyutte ade indiyadalli gst jasti madidre strick madthare ade tik tok madi chinage amount hodre kushi agthare ivrella bharatiyaralla chinise tunnege uttdoru,35,0.0,0.8824,0.8824,0.1176,0.2353,False,medium
Negative,Paapa yaro hair oil bagge helkodthidre niv yake oppose maadthira.adu avara ishta avaru yelli aadaru copy maadli ..niv yavathu yenu copy maadillva.niv hege nim opinion helidri avru ashte avara opinion helidru ashte.niv maathadidu avarige sari ansalla,36,0.0,0.7778,0.7778,0.2222,0.4444,False,medium
Negative,Thanks ellakade link Sher madi nTukali kushmikage hattiro kobbanna elisi,10,0.0,0.7778,0.7778,0.2222,0.4444,False,medium
Negative,Bro iverella made in china,5,0.0,0.2,0.2,0.8,0.4,False,medium
Negative,@Troll Stupid Fans halkat sulemagne nin Amman thullu sulemagne gaandu nayi sulemakla d boss bagge matadidre sulemagne Ninnamman keythini ashte nayi rande soole maga Nim Amman kalisu keythini soole rande magne,31,0.0,0.88,0.88,0.12,0.24,False,medium
Negative,Nija heliddiya guru.nEvr mane yaradru bordernalli sattidre gottagodu.,8,0.0,0.875,0.875,0.125,0.25,False,medium
Positive,Entha savu marre idu nExam Alli ans nepagalla  1line bardu 2nd line baribekidre ide song barutte,16,0.0,0.7692,0.7692,0.2308,0.4615,False,medium
Negative,@sumya kulkarni ನೀವು ಬ್ರಾಹ್ಮಣರಾಗಿ intercast marriage agoke dairya idena ? Never.,11,0.2222,0.6667,0.8889,0.1111,0.2222,False,medium
Negative,Avra manelli yavagadru hoddu sayisudre gottagutte kittod nan maklige tik tok yak ban madbeku andorge saryagelidira bro,17,0.0,0.7647,0.7647,0.2353,0.4706,False,medium
Mixed feelings,@Cockpit cock allavuddin mayadeepa annodu Arabian nights stories nalli baruva kaalpanika kathe deepa ujjidare bhootha bandhu ella kelasa maaduthve allavuddin khilji alla,22,0.0,0.7619,0.7619,0.2381,0.4762,False,medium
Positive,Tik tok alli jagala madtidralla adra baggenu ondu video madi anna super agi ugididdira,14,0.0,0.7857,0.7857,0.2143,0.4286,False,medium
Positive,IAS IPS madirorigintha politicians  ge value jasti iro namma vishala manassina Indians badlagovargu nnam desha beliyodu kasta ide,18,0.0,0.75,0.75,0.25,0.5,False,medium
Negative,Hats off to u sir...nMosa madi tinno Pizzaginta Niyattagi dudidu tinno ragi nalli eshto aanda erutte jeevandalli..,17,0.0,0.7143,0.7143,0.2857,0.5714,False,medium
Negative,@satishnithyanandam nin hesralle comedy ide ..nin antha thika kobbu iro mindri sule makklathrs nangen mathu. Hogo kong boli magane.,19,0.0,0.8333,0.8333,0.1667,0.3333,False,medium
Mixed feelings,Sir nevu Mele bande bartiraa Neman tuldavru nem kaladi bartare aga nem time,13,0.0,0.8182,0.8182,0.1818,0.3636,False,medium
Positive,Really nyc sakath chenagi madidira nange esta aythu. Super riii adrallu tiktok dattu putra nna sakath roast madi heltini...,19,0.0,0.8125,0.8125,0.1875,0.375,False,medium
Positive,Bollywood range nali ide super song🤔,6,0.0,0.1667,0.1667,0.8333,0.3333,False,medium
Positive,Super alla best bro,4,0.0,0.25,0.25,0.75,0.5,False,medium
Negative,@VARAPRASAD K K soole magne avrige Bari jaati fabsallo Ella jaatilu fans idaare neen heldyalla jaati naayi antha pakka gawda kano naanu nin Amman soole magne neenu as darshan naydu jaati irbeku  dagaar dagaar dam dam dagaar soole maga darshan,40,0.0,0.8108,0.8108,0.1892,0.3784,False,medium
Negative,Esta adre mele like button ede kodtare bidapa,8,0.0,0.75,0.75,0.25,0.5,False,medium
Negative,Alla ri  valmiki real life na khate bardidaro real khate bardidaro avnu ganeshana hattira barsiridu avaga Ramayana Mahabharata nadide Ella  haganta ashvataama badkidane anta hege nambtira astukku adu nadidide elvo namg gotte ella adu hege aahvataama badkidane anta heltira. Edu bidi nivu avna nodidira bandu Kate helda anta ede alla nivu hogi kelidira avaru buildope GE helirbodu. Edu yarige esta agidiyo avru like madi.,64,0.0,0.8772,0.8772,0.1228,0.2456,False,medium
Positive,Chinndikanna neenu neenu nam tharane madthadthiya. Super,7,0.0,0.8333,0.8333,0.1667,0.3333,False,medium
Positive,Anna nin super anna,4,0.0,0.25,0.25,0.75,0.5,False,medium
Negative,Kannadada chanukya namma rakshit shetty bro na yochanegalu...... Dislike madiroru rashmika fans irbeku ......,14,0.0,0.7273,0.7273,0.2727,0.5455,False,medium
Negative,@Nandi Parthasarathi hogo ninna akkna tullu ninna tara kelsa ilva nange yenu yavglu comments madkondu tika muchkondu sidege hogo,19,0.0,0.8889,0.8889,0.1111,0.2222,False,medium
Negative,@naveen v kudlu elladidre nindu tegedu kodu bvc ninna luccjanige handidu maasa kodu modalu baavali chalpat Singh side actor🤣🤣,19,0.0,0.8333,0.8333,0.1667,0.3333,False,medium
Mixed feelings,Kannada film  industry avaru sir solpa nodi rii yen madta ididra inta ashvath sir avara maga ondu sanni veshe dalli kalsa Kodi,22,0.0,0.7143,0.7143,0.2857,0.5714,False,medium
Positive,Nam kannada songs yavglu super hit,6,0.0,0.1667,0.1667,0.8333,0.3333,False,medium
Negative,Proper promotion maadila sir,4,0.0,0.25,0.25,0.75,0.5,False,medium
Negative,@TROLL MONSTER_KANNADA nim ammange nan hakde tunne nathangi siktale avl na vrdashramkke serstini yakandre ninge nodkollake yogyate illa adukkehogo jumper( chupper),21,0.0,0.8,0.8,0.2,0.4,False,medium
Positive,Super sir nim anthoru Nam Kannada industry ge beku namma Kannada industrya kirty patake ellade harabeku belibeku,17,0.0,0.7143,0.7143,0.2857,0.5714,False,medium
Positive,Anna super anna nivu nivu ondu samajakke seve hagu deshavannu ulisalu ondu sangavannu katti navu nimmannu bembalisuteve,17,0.0,0.8235,0.8235,0.1765,0.3529,False,medium
Negative,Yalla trolles evaga nim Kelsa madi yaru Ennu tiktok use madthidhare avrge troll madi nnDheshana ulskoloke agdhe eldhoru enna charector Hege ulskothare nodona,23,0.0,0.9,0.9,0.1,0.2,False,medium
Positive,Lyrics Artha adoru Kay kaal aadsrappa,6,0.0,0.75,0.75,0.25,0.5,False,medium
Negative,@TROLL MONSTER_KANNADA nim maneg bande iru ning hosa tengi sigtale 4monts admele soo be happy bro nim amman sule magne,20,0.0,0.7222,0.7222,0.2778,0.5556,False,medium
Negative,@Nandi Parthasarathi nadiyole sule magane Nam style Nam ista ning yako thika uri,13,0.0,0.9,0.9,0.1,0.2,False,medium
Positive,ansodenu avrdu love merrid soo life ali obrigobru arta madkondu nambke na beliskondu prethina uliskondu... chanagiri,16,0.0,0.7333,0.7333,0.2667,0.5333,False,medium
Negative,@Nandi Parthasarathi ille gotta aagta ide ninu yestu urkondu sattidiya anta yenro nimma same balegarna type nayi padu 🤣🤣🤣,19,0.0,0.7647,0.7647,0.2353,0.4706,False,medium
Negative,Whitefield nalli yav theatre nallu hakalla kachada nanmaklu nodoke,9,0.0,0.7778,0.7778,0.2222,0.4444,False,medium
Positive,Super guru nin voice,4,0.0,0.25,0.25,0.75,0.5,False,medium
Positive,Yen dialog hoditiya guru super,5,0.0,0.2,0.2,0.8,0.4,False,medium
Negative,@Nandi Parthasarathi nin Amman sule magane nin number send gandu,10,0.0,0.75,0.75,0.25,0.5,False,medium
Positive,Super movie love madabardu guruuu,5,0.0,0.25,0.25,0.75,0.5,False,medium
Negative,Tik tok mad suli makkalige chppali ach hodri sulimakkaliga and ladies fast chuthu sulimakkalu,14,0.0,0.7143,0.7143,0.2857,0.5714,False,medium
Positive,anna sakatagi matadidya  i like you  anna,7,0.0,0.2857,0.2857,0.7143,0.5714,False,medium
Negative,@Venu real life llu haage iddidre accept madabahuditthuu alvaa.. !!!nEspecially obba natananna thumbaa abhimaanigalu fallow maadthaare so avru nija jeevanadallu  maadhari aagirabeke vinaha thappu madbaardu alvaa baree film lli maathra hero aagidre saaladuu real life llu kooda hero agirbeku aaga avaru obba nijavaada  manushya aagoke saadhya... !!!,47,0.0,0.7727,0.7727,0.2273,0.4545,False,medium
Negative,@TROLL MONSTER_KANNADA nandini anta balegarana fan iddane nodo aa sulemagnig baiyi tika urkondu hontara hadsimakllu 1 year 3 blockbuster DBoss,20,0.0,0.7059,0.7059,0.2941,0.5882,False,medium
Positive,Pruthvi avara acting anthu nanna avarisikondu bittide .nanna friend helidda thayi sentimentalli avara acting nodi ninu emotional agthiya nodu antha.adre nanu nanu aagalla andidde.adre aa scene nodbittu nanu ankonde. evarige national award kodbeku antha.,34,0.0,0.7647,0.7647,0.2353,0.4706,False,medium
Positive,Nam kannada songs yavglu super hit,6,0.0,0.1667,0.1667,0.8333,0.3333,False,medium
Positive,Mast roast madidi anna,4,0.0,0.25,0.25,0.75,0.5,False,medium
Negative,est movie li ede tara ede  same scenes.,8,0.0,0.25,0.25,0.75,0.5,False,medium
Positive,Hi sir supnHasage  eddastu kalu chachu  nAnno gadae evattu nim nudigalu gottyatyu sirnUr grate sir,15,0.0,0.7333,0.7333,0.2667,0.5333,False,medium
Negative,@Nandi Parthasarathi balegar bale bale 🤣🤣🤣 matte ninna akkna minda kano nanu mindri magne randi maga ninu bere heros bagge kettadagi comments madodu bidu navu yaru tantegu hoglla boss tantege bandre gottala,32,0.0,0.7333,0.7333,0.2667,0.5333,False,medium
Negative,Huchha venkat sene innu jeevantha ide...bhaya padbeda sir,8,0.0,0.8571,0.8571,0.1429,0.2857,False,medium
Negative,Sir intha cinema madida mele dodda mattadalli prachara madbekittu. nNodi prem avru dabba film madudru hype build-up create madodralli etthida kai.,21,0.0,0.7143,0.7143,0.2857,0.5714,False,medium
Negative,Sir haa suule Bindu gowda GE,6,0.0,0.75,0.75,0.25,0.5,False,medium
Negative,Nodarappa yaro heludrala ban yak madbeku antha,7,0.0,0.7143,0.7143,0.2857,0.5714,False,medium
Mixed feelings,@Troll Stupid Fans avre enu heltilla,6,0.0,0.75,0.75,0.25,0.5,False,medium
Negative,Guru nakn enu madbekitu guru ninu avr ajji nam dhesha dalli uti a china desha ke utiro hange Madtare tu evr janmake est benki haka,25,0.0,0.75,0.75,0.25,0.5,False,medium
Negative,@VARAPRASAD K K nin Amman thulle shaata bekaadre helu nin chulbort movie hair wig ge . Dagaar boss cutout bekaadre helu dappa  sodane hodkodtivi ondu maatu helu saaku haage shaatad haara redi maadustivi ashtu salalilla Andre helu mettin haara maadustivi dagaar fans nin Amman ganda dagaar soole maga Hale aanti iddange idaanallo avnige kodu bale,55,0.0,0.7959,0.7959,0.2041,0.4082,False,medium
Positive,Dinkchaak haadugalanna keli besottogiro kannada janatege adhbhuta rasadoutana koduva different haadu....... Ravichandran avra aa haadugala habba nenapayitu..... Blockbuster ASN,19,0.0,0.7857,0.7857,0.2143,0.4286,False,medium
Positive,Namma janakke innu idara liric arta agilla.good music extraordinary liric.,10,0.0,0.8,0.8,0.2,0.4,False,medium
Positive,100 times e song keldhe super,6,0.0,0.2,0.2,0.8,0.4,False,medium
Negative,Bro ha dacchu su..... Maga you are super no 1 roaster,11,0.0,0.125,0.125,0.875,0.25,False,medium
Positive,Yuddha maadabeku oodabaaradu katukara mundhe Bhagavadgeethe.. Great lines!,8,0.0,0.8333,0.8333,0.1667,0.3333,False,medium
Negative,Obba amman hatra ninge yav maga ista antha kelidhre. Sandalwood fan,11,0.0,0.8,0.8,0.2,0.4,False,medium
Positive,@TROLL MONSTER_KANNADA guru Bari mathadak aste yav sule makligu munde bandu mathadastu dhum Ella BOSS always King,17,0.0,0.75,0.75,0.25,0.5,False,medium
Positive,Dboss abhimani aagi nange gotthilla esht sala e song nodidhini antha yarellla jasthi nodidhira like madrappa pls,17,0.0,0.75,0.75,0.25,0.5,False,medium
Positive,Hadsap handsap.......plzzzzzzz kannada cinima idndustige handsap me.........saport,7,0.0,0.8,0.8,0.2,0.4,False,medium
Positive,Yen guru ulty 1 number,5,0.0,0.25,0.25,0.75,0.5,False,medium
Negative,Rasmika ge  uribeku nimma cenema successful kanabeku hagu nimma jodi shanvi madam rakshit shetty jote  maduve agabeku idu nimma abhimani asheya,21,0.0,0.8095,0.8095,0.1905,0.381,False,medium
Positive,ನಿಜವಾಗಿಯೂ  ಅದ್ಭುತ heartly heltidini... plz avrigella namma nimmellara supprt beku,10,0.2222,0.6667,0.8889,0.1111,0.2222,False,medium
Negative,Tumba kalaavidara gati ide. Kalege bele illa. Ashwath Awara family ge ee thara aagbaardittu.,14,0.0,0.7273,0.7273,0.2727,0.5455,False,medium
Mixed feelings,Fittest will survive. Ashwath olle actor aadre maganu ange aagbeku andre aagutta? Dr rajakumar tara avr maklu aagalla avr yavattidru avre. So illi acchari pado avashyakate illa.,27,0.0,0.75,0.75,0.25,0.5,False,medium
Positive,Haudu Swami.Neevu helliddu satthyaa.Gadugin Bharat yemba Grantha baredanthaa Kumarvyaasare aa Narayan santharu.Igalu sahaa naavu Veearanarayan temple nodabahudu.Idu Iruvadhu Gadag city yalli.Hubballi yindaa 55 Km antharadalli Ide.,26,0.0,0.8125,0.8125,0.1875,0.375,False,medium
Positive,Namma karaavali enta enta actors galanna kannada cinemage needide gotta!?upendra,10,0.0,0.8,0.8,0.2,0.4,False,medium
Positive,Superb bro inge continue madi,5,0.0,0.2,0.2,0.8,0.4,False,medium
Negative,@Nandi Parthasarathi gottu Neenu cheeti tulla fan antha change madbeda,10,0.0,0.75,0.75,0.25,0.5,False,medium
Negative,Bro...nNeen este Roast madudru...China ne beku anthare ivrnella gun thagond shoot madbeku aagadru India dalli eetara Desha virodhi galu sattadru saythare... Nin video nodi actually innondsari tiktok alla mbl muttoku nin permission kelbeku... nInnond strong aagi video madu guru...,39,0.0,0.7333,0.7333,0.2667,0.5333,False,medium
Positive,Nenne bigboss nalli chandan same step maadudru..,7,0.0,0.7143,0.7143,0.2857,0.5714,False,medium
Positive,Arjun reddy kannadadalli remake aadre prajwal devraj suit aagthaare annoru like maadi,12,0.0,0.75,0.75,0.25,0.5,False,medium
Negative,En ugdde guru adru nam janake budi barala bro tiktok elde edre saytivi antare thoo,15,0.0,0.8,0.8,0.2,0.4,False,medium
Positive,Re release madi please,4,0.0,0.25,0.25,0.75,0.5,False,medium
Positive,Div movie nodi thumba kushi aithu yakandre hen maklu jevanke atharavada movie thumba adbuthavagithu dia ond  sala nodidini bt  nange e movie na mathe mathe nodbeku anthasuthe. Nanganthu yala movie ista bt  dia thumba special yakae hege antha helodik agthila asta aithu sundravada love Thai preethi  2 hero's  obrg ibru kami illa dia nodvag kushi aithu prithi helthare anvaga kalkondru mathe bere  sambanda besadaga hale prethinali priiithi India duragi mathe bandy mathe kalkonda aa  ondu nimsha jeva kaldoithu bt  gene idru I love dia,84,0.0,0.7975,0.7975,0.2025,0.4051,False,medium
Positive,Bro nanu kuda tiktok use madthidae adrae adu ban adaga nang yenu bejar agilla yakandrae namdu ondu sanna contribution irli namma desha kae jai hind,25,0.0,0.8,0.8,0.2,0.4,False,medium
Negative,Compare madebda yella nam avre.. Talent irodakke beldirodu,8,0.0,0.7143,0.7143,0.2857,0.5714,False,medium
Positive,E song super and handsome step super annowru like madi,10,0.0,0.2,0.2,0.8,0.4,False,medium
Positive,Pakka movie channagirutte..nN suspense movie for sure,7,0.0,0.2857,0.2857,0.7143,0.5714,False,medium
Positive,D boss  fans full support. Successful hagli movie,8,0.0,0.1429,0.1429,0.8571,0.2857,False,medium
Positive,Howduu actually eee video nodakku munche Indaanu  nange ide reethi tumbaa saari hagu pade pade yeshto baari kansu beeltittu heege obbaa vyakti Shiva devastana hatra irtane naanu devastaaana dinda aache baruvaga nanna hatra idid bilpatre na keltane but duddu maatra eeskolala but hieght agirtare tanned skin tone forehead poorthi gaaya agirutte but full body ashtaag kansalli gottagallaa but ivatt eee video nodid mele mostly avre irbeku antha anstu,68,0.0,0.746,0.746,0.254,0.5079,False,medium
Negative,Nimdu bari ide aagoythu telegu avaru copy maadudre tm movie nodthira Kannada davru own aagi maadudru kyathe thegithira,18,0.0,0.7059,0.7059,0.2941,0.5882,False,medium
Positive,Sir pakka news edhu prradhana manthrri  modhe noddbeku ashtty sir...,10,0.0,0.7778,0.7778,0.2222,0.4444,False,medium
Positive,Anna tumba channag madtiraa.. Super,5,0.0,0.75,0.75,0.25,0.5,False,medium
Positive,Super guru ninu love you,5,0.0,0.2,0.2,0.8,0.4,False,medium
Negative,E tik tokrs ondisht jana mental galu bro avugalna tik tokrs anodkina chainis anbekku,14,0.0,0.7143,0.7143,0.2857,0.5714,False,medium
Negative,@ಕಿಚ್ಚನ ಹಾವಳಿ astu cheepalla bido nimtara 60cr above madide pailwan kurukshetra 100cr collection madide,14,0.1667,0.6667,0.8333,0.1667,0.3333,False,medium
Positive,Chikki chikki chikkappa nidde indda bega helappa pade pade kelbeku tumbha tumbha tacing padgalu adu sang agiddre innu kushipadtide I love jental man movi,24,0.0,0.8333,0.8333,0.1667,0.3333,False,medium
Negative,@prithvi nayak nimma Amman tulla suledeepa movie yavdu hit aagide helu recent aagi bandidralli,14,0.0,0.7692,0.7692,0.2308,0.4615,False,medium
Mixed feelings,Sar Nim Len nodida mele Nim nija madthbeku SAR plz call Madi,12,0.0,0.7143,0.7143,0.2857,0.5714,False,medium
Negative,Ramayana agiye 500 varsha ayeetu indu sullu yakandre 5000yer back hege,11,0.0,0.7778,0.7778,0.2222,0.4444,False,medium
Negative,Bharatadalli skill idru experience illade kelsa kodolla chinadalli nivu helo hage hosa pratibegalige aavkasha kodatre aste vyatyasa china gu namgu,20,0.0,0.85,0.85,0.15,0.3,False,medium
Positive,Simple star fans like madi,5,0.0,0.2,0.2,0.8,0.4,False,medium
Negative,Nkn en mathgalu guru nindhu ABBA tiktok li thirke shoki madorige Chapli thagond barsidhange super guru,16,0.0,0.7143,0.7143,0.2857,0.5714,False,medium
Positive,Prajju yav dress hakudru super aage kantane ..,8,0.0,0.7143,0.7143,0.2857,0.5714,False,medium
Positive,Youtube channel nalli ASN release promos upload madi sir,9,0.0,0.25,0.25,0.75,0.5,False,medium
Positive,Sari korona bandare adana guna padisikolalu amount hestu karchu aguthe adu yavayavadake antha solpa maithi kodthira please,17,0.0,0.7647,0.7647,0.2353,0.4706,False,medium
Mixed feelings,Ayyo guru... Yelli tanka jana moodnambke bidalvo alli tanka inta shatnayakru useless videos haktane irrtare guru.nMahabharata tumba olle moral story. Jeevanakke bekagiro tumba paata ide idralli. Adunella use madkondu olle jeevna madbeku aste.,33,0.0,0.7586,0.7586,0.2414,0.4828,False,medium
Positive,@Doavi samstana movie gellutte nAamele Jana promotion maadthare,8,0.0,0.7143,0.7143,0.2857,0.5714,False,medium
Positive,@mallikarjun Dhanashetty Elrigoo nimtharane yochne bandre kannada top allirodhu..,9,0.0,0.7143,0.7143,0.2857,0.5714,False,medium
Mixed feelings,Anna e game yavudu,4,0.0,0.25,0.25,0.75,0.5,False,medium
Negative,Le Bindu naayi phone all radi togonda aaytha avarge adara laba sikatu aadare tik tok end dinaa avarage laba baratte enna mele yaava vastu Togo beda China vastu ninu Togo beda Naana antu tiragi nodalla Ni ale tuu,38,0.0,0.8438,0.8438,0.1562,0.3125,False,medium
Negative,@prithvi nayak lo ninu ಅನ್ನ ತಿಂತೀಯಾ ಅಲ್ಲಾ ಅದು ರೈತನಿಂದ ಕಣೋ... ಯಾರನು ಕೀಳಾಗಿ ನೋಡ್ಬೇಡ.. standard anbeda bcz nin erode avrinda... adikke nin buddi gottagutte tu respect kodo... lo mari d boss.. nim kichan ginta jasti salary annodu kalko.. nin helid matu enadru auto drivers,43,0.2195,0.5122,0.7317,0.2683,0.5366,False,medium
Positive,First time movie nodoru taleli uoohe screenply ittukondu nodbedi freedomagi nodi movie superagide kanndada hosatana adduriyagi kanutte guru movi superrrrrr,20,0.0,0.7368,0.7368,0.2632,0.5263,False,medium
Positive,Kannada industry alli hosa dakale baryok bandavn yar avnu.......avane sreemannarayana,10,0.0,0.7778,0.7778,0.2222,0.4444,False,medium
Positive,E movie name  enu  paka  hitttt e a,8,0.0,0.2857,0.2857,0.7143,0.5714,False,medium
Positive,Signature steps awesome...pakka...# tag agthe,5,0.0,0.25,0.25,0.75,0.5,False,medium
Positive,En song guruve I love this song K G F bitre ede super movie guru.......super,15,0.0,0.2857,0.2857,0.7143,0.5714,False,medium
Positive,Youtube channel nalli ASN release promos upload madi sir,9,0.0,0.25,0.25,0.75,0.5,False,medium
Negative,Anna nim e vedio nodinu mathe chaina apps use madidre...nijakku avru maryade  swabhiman ildoru bharatha dalli irbardu ....antavrnella nimhange maryade thegibeku.....,21,0.0,0.7778,0.7778,0.2222,0.4444,False,medium
Negative,Ahh Chinese app delete madroo..... Adhru badlu India bagge ondh video adhru nodi. Yeno ondh gottagutte,16,0.0,0.7273,0.7273,0.2727,0.5455,False,medium
Negative,anna intha kachada nahigallna roast madodralli tapenilla asn dialogue  daritapdhorna kshamisbodhu thap daari hiddhornallla  nim jothe iddhivi anna,18,0.0,0.7647,0.7647,0.2353,0.4706,False,medium
Positive,Rakshit yake ista gotha friend's na jote yalli yavagllu ittikondiru thare,11,0.0,0.8182,0.8182,0.1818,0.3636,False,medium
Mixed feelings,@ಕಿಚ್ಚನ ಹಾವಳಿ book my show Alli pailwan 16cr kurukshetra 28cr madide nodo amele maatadu yavdu jaasti collection madide anta,19,0.125,0.625,0.75,0.25,0.5,False,medium
Positive,Song super step ennu super,5,0.0,0.2,0.2,0.8,0.4,False,medium
Positive,Illi Like madidhre chenagiro movie barallanDuud kottu encourage madi movie nodidre barathe,12,0.0,0.7273,0.7273,0.2727,0.5455,False,medium
Positive,super anna super creative kannadiga,5,0.0,0.2,0.2,0.8,0.4,False,medium
Positive,Modijji avrige gothu aste gothu soldiers value,7,0.0,0.7143,0.7143,0.2857,0.5714,False,medium
Positive,Sir eega navu uthpadane madidanna vedeshakee yavareeti procedure mulaka kalstatee.yavdee lancha eladee.,12,0.0,0.8333,0.8333,0.1667,0.3333,False,medium
Positive,Super Ann nanagu. Tik tok.banna  agude bekagitu,7,0.0,0.8,0.8,0.2,0.4,False,medium
Positive,Raxit shetty uvarige ondu namaskar ide tara uvaru kannad film madali uvar comedy tumba chennagide.,15,0.0,0.7333,0.7333,0.2667,0.5333,False,medium
Positive,Btv avra hatra video clip irbodu.... ಇದ್ರೆ ಹಾಕಿ plzz,9,0.25,0.5,0.75,0.25,0.5,False,medium
Positive,Anna nenu super super Anna,5,0.0,0.25,0.25,0.75,0.5,False,medium
Mixed feelings,@s s kirik party movie ali heroine name,8,0.0,0.125,0.125,0.875,0.25,False,medium
Positive,Neva ado game nema,4,0.0,0.25,0.25,0.75,0.5,False,medium
Negative,ASN release in nKannada-Dec 27nTelugu-Jan 1stnTamil& Malayalam-Jan 3rdnHindi-jan16thnnAstaralli Ella mobile nalli nodi Mugsirtaare aaga release Maadi Aden record Create maadtaro?n300 koti Beku anta Tweet maadidre saaladu ondu cinemana Janagalige Yav reethi Talupisodu anta gottirbeku.... Kurukshetra ide reethi Promotion ilde haalagi hoytu...Innoo idunnoo hange maadtidaare,44,0.0,0.7692,0.7692,0.2308,0.4615,False,medium
Negative,Rashmika urkoo  rashmika haters like herenRakshith sheety,7,0.0,0.7143,0.7143,0.2857,0.5714,False,medium
Negative,@gowtham gowtham Kiccha nimamman oorsoole nimammam thullige bale sigskondu keythivi hushaaru sik sikkid kade thika kodtha edre hardu oorbaglu madthivi amele doctorgu holge jaga erbardu hange keythivi beware bale pans 🤣🤪,31,0.0,0.8621,0.8621,0.1379,0.2759,False,medium
Mixed feelings,Navu kuda speed edivi ....makklu uttisodrale ..love madodrale ...,9,0.0,0.7143,0.7143,0.2857,0.5714,False,medium
Positive,Anna nin padha Xerox kodanna,5,0.0,0.75,0.75,0.25,0.5,False,medium
Negative,Tiktok uninstall madodakku modlu ee changlu nan maklanna modlu desha dinda delete madbeku Guru,14,0.0,0.7692,0.7692,0.2308,0.4615,False,medium
Positive,Kannada cinema nimma antha budhijeevi na ullaskollalike agilla antha tumbaa bejaar aagute.,12,0.0,0.75,0.75,0.25,0.5,False,medium
Positive,Youtube channel nalli ASN release promos upload madi sir,9,0.0,0.25,0.25,0.75,0.5,False,medium
Positive,Yellar gamnaanu HANDS UP Hatra ne ide. haage gamna ittu nodi.,11,0.0,0.75,0.75,0.25,0.5,False,medium
Negative,Inta Best Movie na Theatre nalli nodakaglilla ade bejaru,9,0.0,0.8333,0.8333,0.1667,0.3333,False,medium
Positive,Nice bro ... Nanu ella China apps delete madidini,9,0.0,0.1667,0.1667,0.8333,0.3333,False,medium
Negative,@Its Paramatma sumne irappa loss agoke avar en bikari Ella...neev olle Thukali Build up kodta idira sumne,17,0.0,0.7692,0.7692,0.2308,0.4615,False,medium
Positive,Ashvathama nali bandu nimagu meet agtare nivo wait maadi,9,0.0,0.7778,0.7778,0.2222,0.4444,False,medium
Positive,Super guru pakka block buster,5,0.0,0.2,0.2,0.8,0.4,False,medium
Positive,En song madidiri boss ninne inda 20 sari kelidini innu kelbeku kelbeku antha anstide,14,0.0,0.7692,0.7692,0.2308,0.4615,False,medium
Mixed feelings,Super Anna enu ugiri chanagi,5,0.0,0.75,0.75,0.25,0.5,False,medium
Negative,Loo Nim Makha muccha e Video gu Dislike yenro nim Hendti Munde Haga avr character Nodi kaliro life Andre yenu antha thu nanmakla,23,0.0,0.7857,0.7857,0.2143,0.4286,False,medium
Positive,Chindi song  Vijay prakash fans hit like here,8,0.0,0.2857,0.2857,0.7143,0.5714,False,medium
Positive,We varshada super song,4,0.0,0.25,0.25,0.75,0.5,False,medium
Positive,@Kumara Kantirava avn heldange 1st time hange ansodhu..,8,0.0,0.8333,0.8333,0.1667,0.3333,False,medium
Negative,Anna nin super yelargu saryag ugdidya avrgela bartha edid bikshe kaasu miss aythu antha support madtha edru aste,18,0.0,0.7778,0.7778,0.2222,0.4444,False,medium
Negative,sory sir teatarali film nodlike agilla tumba bejaride,8,0.0,0.75,0.75,0.25,0.5,False,medium
Mixed feelings,Slow poison song annoru like madi...,6,0.0,0.2,0.2,0.8,0.4,False,medium
Negative,Kannada songs na dislike madbede,5,0.0,0.2,0.2,0.8,0.4,False,medium
Negative,Yaru tension agbede yakandre dislike madiravru mindrika kadeyavru🤣,8,0.0,0.75,0.75,0.25,0.5,False,medium
Negative,@Rajesh Rao bari inta comments maadkond koothkoli....thuu inta cinema na kannadadalli prothsaha maadilla anta naachike aagbeku,16,0.0,0.7857,0.7857,0.2143,0.4286,False,medium
Negative,@Naveen kumar yadav lo thamma nanu copy madidare antha yello helidini.. ratasasan movie bgm inspiration indha idhna madidare andirodhu.. nav yav telugu movie nu nodalla kannadake modala adhyathe namdhu,29,0.0,0.7586,0.7586,0.2414,0.4828,False,medium
Negative,@#win 12 yello yaavdo beedhi soolege huttironu neenu ansutthe....adakke nin hesru haakolde yavdo no. haakondidya.... leay child chapati nin no. ond kodu saaku nin dove na nin munde ne keaytini...... asht saaku nange....,33,0.0,0.75,0.75,0.25,0.5,False,medium
Positive,Evergreen song listalli idhu yavglu iratthe doudte illa....,8,0.0,0.7143,0.7143,0.2857,0.5714,False,medium
Positive,@SK Productions Shnakar nag anna nice man,7,0.0,0.2,0.2,0.8,0.4,False,medium
Negative,Ivrantu un install madalla sulemaklu. Avrna following madtiro nayigalige buddi barbeku modlu. Nam India dalliro inta nayigala kathe ne istu deshad bagge yenadru gottidre tane. Tiktok nalli bandu motivation helo ivlige deshad bagge keladre yenu gottiralla guru ivakke. Avar maneli bodig bittidare avalna navadru enmadokagatte,45,0.0,0.85,0.85,0.15,0.3,False,medium
Positive,Idella yake Kannada Films Dodda samrajjya ne katbeku Dodda Charitrene Srusti madbeku anta helu....,14,0.0,0.8571,0.8571,0.1429,0.2857,False,medium
Negative,@Nandi Parthasarathi le nayi ninu slumu navalla nana one day madu kharchu ninu ondu varakke madtiya hagnta nange yava chatnu illa,21,0.0,0.85,0.85,0.15,0.3,False,medium
Positive,Egina youth's ge spoorthy sir nivu Devaru nimge ayyasu aarogya channagi kodli,12,0.0,0.7273,0.7273,0.2727,0.5455,False,medium
Positive,niv helid nija star antha bere akotidru karma,8,0.0,0.75,0.75,0.25,0.5,False,medium
Negative,Heroine ge jamba ella,4,0.0,0.25,0.25,0.75,0.5,False,medium
Mixed feelings,Anna full wand ayti song,5,0.0,0.2,0.2,0.8,0.4,False,medium
Positive,Super guru iam proud my india,6,0.0,0.1667,0.1667,0.8333,0.3333,False,medium
Negative,Onde ond cmnt ketudag idre torso childe🤣🤣nNamdu olle respected family nimdeno gotila...modlu tilkond helu bayig bandang helak nangu barutte...nan hesru katkond ningen agbeku,23,0.0,0.8571,0.8571,0.1429,0.2857,False,medium
Positive,Sir nanu thumba chikkavanu adru harsthini sir naa bhagavantha nimna haraisali,11,0.0,0.8182,0.8182,0.1818,0.3636,False,medium
Positive,Idu idu.. (1.56)actually bekagiddu..osm music,5,0.0,0.75,0.75,0.25,0.5,False,medium
Positive,En dailouges guru nsuper gurunYou rocking gurunNin dailouges keludmele nim channel subscribe maadthiddeeni hinge continue maadu gurunInnondibru dingurbilligalu tiktok li buildup kodthidru avrnu ee videodalli topgersidre chanaagirthitthu,27,0.0,0.7037,0.7037,0.2963,0.5926,False,medium
Negative,Rite.... Bt avara personal adu.. problems en aitu anta namge gotilla ...yake hudgi mele hig coments mododu brother??? Nam sis ge idu agidre?? Nav en madtidvi??  Aur problems avaru solve modkonda aitu naaav sumne ivele overthinking madta idivi ...,39,0.0,0.7667,0.7667,0.2333,0.4667,False,medium
Positive,Full movie upload madri.. Ofter release pls,7,0.0,0.1667,0.1667,0.8333,0.3333,False,medium
Positive,Ayyo  devre    en  comedy  madtira  neevu  hage  voice  sprb,9,0.0,0.7778,0.7778,0.2222,0.4444,False,medium
Negative,Nange bahala novaytu nannamele yakandre nanu  Diyaa moviena thetoralli nodilla adakke please realise onse again nanu nodtin Mathe janru nodtare please,21,0.0,0.8421,0.8421,0.1579,0.3158,False,medium
Positive,Sakath beats..Matte Matte kelabeku anno song..,6,0.0,0.8,0.8,0.2,0.4,False,medium
Negative,Yapppaaaa!  Yak guru istond hype e song ge?,8,0.0,0.1667,0.1667,0.8333,0.3333,False,medium
Negative,Ondu trailer cut madak saryag baralla.trailet nodokke kasta agthide,9,0.0,0.7778,0.7778,0.2222,0.4444,False,medium
Positive,Matte film ge banni sir,5,0.0,0.2,0.2,0.8,0.4,False,medium
Positive,All industries are going hands up.. 27kke avanu bandaga,9,0.0,0.25,0.25,0.75,0.5,False,medium
Negative,@Raja Vishnuvardhana ningen problem guru,5,0.0,0.25,0.25,0.75,0.5,False,medium
Negative,@Nandi Parthasarathi le randimagne modlu nimma appa amma hige mattadu kalisiddara modlu ninu mataadiddu aariti nodo hogo first,18,0.0,0.8824,0.8824,0.1176,0.2353,False,medium
Negative,@Troll Stupid Fans neenu Darshan ge huttirbeku adike avn bagge ne mathadthidiya nimman thulna keyya soole magane.nim amman thull ge kathe thunne sigaka hogi bale akolo aaa gaandu lucha thara,30,0.0,0.7692,0.7692,0.2308,0.4615,False,medium
Positive,Nija helidri sir..! Nimma video nodi admele kuda namma bhatiyaru  badalali antha pray madtini.,14,0.0,0.7692,0.7692,0.2308,0.4615,False,medium
Negative,Song Karnatakadalli ella hero fans film node nodtare but pls bere languages lli promotion madi,15,0.0,0.2857,0.2857,0.7143,0.5714,False,medium
Negative,Eh Tiktok ela Andre nimanatha troller kooda Mundhe bartirlilia,9,0.0,0.8333,0.8333,0.1667,0.3333,False,medium
Negative,Odeya nodokke theater ge ogide janane eddilla vaapas banbitri nanu nan frds 🤦‍,13,0.0,0.75,0.75,0.25,0.5,False,medium
Positive,D Boss ಅಭಿಮಾನಿಗಳಿಂದ all the best,6,0.2,0.0,0.2,0.8,0.4,False,medium
Negative,@Nandi Parthasarathi hogo sede gayash gojjekesari released in nayimari tunne,10,0.0,0.7778,0.7778,0.2222,0.4444,False,medium
Negative,@TROLL MONSTER_KANNADA nNimma maneli iruva ladies yalrogu nane galuj madiddu.... nInnu ninu yavanige huttidyo papa🤦🤦,15,0.0,0.7692,0.7692,0.2308,0.4615,False,medium
Positive,Yes re release madbeku,4,0.0,0.25,0.25,0.75,0.5,False,medium
Positive,Youtube channel nalli ASN release promos upload madi sir,9,0.0,0.25,0.25,0.75,0.5,False,medium
Positive,Hats off sir nim Swabhimana and karya nishtege thumba Santhosha agutte sir nimg olle arogya success kodli antha devralli bedkothivi Munde niv natiso Ella cinemagalu uttama pradarshana padiyali,28,0.0,0.75,0.75,0.25,0.5,False,medium
Mixed feelings,@Arun Jaanu  chikk magunu kelu boss andre yaaru anta,9,0.0,0.75,0.75,0.25,0.5,False,medium
Positive,Slow poison song annoru like Maadi,6,0.0,0.2,0.2,0.8,0.4,False,medium
Mixed feelings,Sar bedi duty madali taraget Miss agote.....?,7,0.0,0.8,0.8,0.2,0.4,False,medium
Positive,Nijvaaglu sir.olle information kottidiri,4,0.0,0.75,0.75,0.25,0.5,False,medium
Positive,Finally  movie nodaytu..... Adbhuta atyadbhuta......... Nodo prati kshananu taleli budhi odtane eirute...... Amazing,13,0.0,0.7143,0.7143,0.2857,0.5714,False,medium
Negative,Estella troll madidru roast madidru konege deshakke ago nastada bhagge gothadru inna tiktok vahiskondu bartharandre evrgella yen anbek guru...??. nnikal lawde,21,0.0,0.75,0.75,0.25,0.5,False,medium
Positive,Yudha mada beku katukara🧟 munde oda ‍baradu bhagavatgethe Who likes this line,12,0.0,0.7273,0.7273,0.2727,0.5455,False,medium
Negative,Hee sulli makalla videos beda. Tiktok ban agidhe holli kelsa,10,0.0,0.7778,0.7778,0.2222,0.4444,False,medium
Positive,Kushi avare nimma mele thumba love aagide . Great acting,10,0.0,0.75,0.75,0.25,0.5,False,medium
Positive,Super guru neenu tiktak sede galige yeneludru arthagalla,8,0.0,0.75,0.75,0.25,0.5,False,medium
Positive,Hi....chaina dalli ago product nnu navu madidvi....adre....namma desha davre namage mosa madidru same model nnu chaina kondogi avrege thorise dublicate madbittu dandu...kammi belege elle mariddare....edde karana...navu hinduliyalu....eglu navu...mado ondondu product chaina dinda tharisthidru adre navu automobiles product naavu madthideevi...adre yaaru encarage madalla.....,42,0.0,0.7879,0.7879,0.2121,0.4242,False,medium
Positive,Super creation bro .  Adru nim voice sppppprrrrrr.....,8,0.0,0.2,0.2,0.8,0.4,False,medium
Positive,Sir nimmannu prathyakshavagi nodalu aaseyagutide sir nimma hattira ondu dina full kaala kaleyalu aase idhe aadre yenu maadudhu sir nimmannu bittu barudhu yochane maaduvaaga manassige bahala bahala kashsta aagutte sir  devaru nimma aasegalanella eederisaly,34,0.0,0.8235,0.8235,0.1765,0.3529,False,medium
Positive,Super hit agodralli yavude dout illa gelayare Jeeva,8,0.0,0.7143,0.7143,0.2857,0.5714,False,medium
Negative,Navu matar use madatilla jagatinna yella deshgalu use madatidare.solemagane,9,0.0,0.7778,0.7778,0.2222,0.4444,False,medium
Positive,Avaru badlagabeku ivara badlagabeku annodu tappu modlu nav badlagbeku ekandre vote hakori nave matte avara gedda mele avaranna baioru nave nija ansidre like madi,24,0.0,0.7917,0.7917,0.2083,0.4167,False,medium
Positive,Superb chennag heludri frnd🤣🤣Nam hatra tik tok app illa,9,0.0,0.7778,0.7778,0.2222,0.4444,False,medium
Positive,Tik tok banu nan kicha Sudeep fanu egide  comment madi,10,0.0,0.7778,0.7778,0.2222,0.4444,False,medium
Positive,Tande yante maga kooda swabhimaani mattu swavalambhi jeevana nadesuthiddare.hats off sir.,11,0.0,0.8182,0.8182,0.1818,0.3636,False,medium
Negative,Karnataka ke bandu Kannada matadidna ane guru sullu avnu sooside madko bahudittu alvaa fake news,15,0.0,0.7857,0.7857,0.2143,0.4286,False,medium
Positive,Bro nim maath keli China App hogli Indian App nallu video madalla bidi,13,0.0,0.7778,0.7778,0.2222,0.4444,False,medium
Positive,avarige belesidorna thuliyodhu gottilla anda star patta bandamele friends na mariyodhu gottilla,12,0.0,0.75,0.75,0.25,0.5,False,medium
Negative,I hate tiktok mobile thagondagindanu install made illa i hate this,11,0.0,0.2727,0.2727,0.7273,0.5455,False,medium
Positive,Idu Englishs filmae beat madute ansudre like madi,8,0.0,0.7143,0.7143,0.2857,0.5714,False,medium
Positive,Super gurunJai hind Jai Indian army,6,0.0,0.25,0.25,0.75,0.5,False,medium
Negative,Bogus kathe ........thu nan makla sullu bogaloku nachike agalva yaro nivella thuuuuuuu,12,0.0,0.8,0.8,0.2,0.4,False,medium
Positive,All the best for rocking star fans  song vibinna vagidhe,10,0.0,0.2,0.2,0.8,0.4,False,medium
Negative,@VARAPRASAD K K hawdo nin Amman gaandu dagaar fans avna yogyathe hendthi kayi murdu jail ge hogi petty thing ubsa jaasti aagi ashtottige saarati Andre Lion King movie remake release maadkottiddu nam kiccha  eega helu hendthi hodidu jail ge hodonu balegaarana jail olage idda kaami paravaagi film release maadkottinu balegaarana utra kodo nayi adukje helodu avnanna dagaar soolenagan antha nin Amma haaku steppu Alla thika muchkond,66,0.0,0.7333,0.7333,0.2667,0.5333,False,medium
Positive,Jivanakke ondu holle adaara e togari tippana Kate always Anna nanu kuda Sumatra baari kelta idde youtob nali nodi rumba santosha ayhatu anna,23,0.0,0.8,0.8,0.2,0.4,False,medium
Positive,Supar hit song anna,4,0.0,0.25,0.25,0.75,0.5,False,medium
Negative,Views struck aagide guru,4,0.0,0.25,0.25,0.75,0.5,False,medium
Negative,Telugu comments copy madbutta 🤦‍,5,0.0,0.25,0.25,0.75,0.5,False,medium
Negative,ಏ ನಂದಿನಿ ರಂಡಿಮಗಳ D Boss Bagge matadadre hudukondu Bandu Hoditini Jaag helu,12,0.4286,0.4286,0.8571,0.1429,0.2857,False,medium
Positive,Hindi song release madlilva?,4,0.0,0.25,0.25,0.75,0.5,False,medium
Mixed feelings,@Pradip AR idhu remake all i am editor,8,0.0,0.2857,0.2857,0.7143,0.5714,False,medium
Positive,ತೊಗರಿ ತಿಪ್ಪ ಸುಪರ್ ಕಾಮಿಡಿ so super thogari thippa comdey,9,0.4444,0.3333,0.7778,0.2222,0.4444,False,medium
Negative,Ade old same story,4,0.0,0.25,0.25,0.75,0.5,False,medium
Negative,avru hege andre . neenu hene satya helu naavu deslike maadode . naavu erode adke avru huttutane . appa ammananne esta pattirlikkella,22,0.0,0.8947,0.8947,0.1053,0.2105,False,medium
Negative,Sari guru nan Rc nodod irli ninu illi bandiro cmnts nodu ninge gotthagutthe,13,0.0,0.75,0.75,0.25,0.5,False,medium
Positive,Yaarigu yaarannu holike madodu beda raj is raj shankar is only shankar vishnuji is only vishnuji.. !! Haage rakshith kooda rakshith andkolrii jagala yaake.... !!!yaaru yaarnu beat madodu beda avarade aada history create maadlii khushipadona ashte elru nammavre hottekicchu beda friends... !!,42,0.0,0.7778,0.7778,0.2222,0.4444,False,medium
Positive,sir deshadali shikshana jotege kwoshliya nu kalisabeku selp udyogada samartya barbeku nnrajakiya vektigalu adikara and hanke ase belde deshavanu munnadasabeku employment ge jobs sigo rieti nodka beku,27,0.0,0.7778,0.7778,0.2222,0.4444,False,medium
Negative,Nanna prakara badukira bhahudu adare media davari aa cotiyalli ashvattama na bage yake gottaglilla,14,0.0,0.7857,0.7857,0.2143,0.4286,False,medium
Mixed feelings,China govt super fast agi land,6,0.0,0.1667,0.1667,0.8333,0.3333,False,medium
Negative,Corona hesralli hospital nalli nadeethiro dandhe bagge vivarisi.... Viruss bandu manushyaru saaythaaro ilvo gotthilla aadre hospital bill keli manushya badhukodu kastavaagidhe.,21,0.0,0.7895,0.7895,0.2105,0.4211,False,medium
Mixed feelings,@Ŕävîñđŕå_02_GøWđřú ಲೋ boss fan agi ಯಾಕೋ ನೆಗೆಟಿವ್ cmt hakiya loude,10,0.3333,0.4444,0.7778,0.2222,0.4444,False,medium
Positive,Rocking star kadi enda all de best,7,0.0,0.2857,0.2857,0.7143,0.5714,False,medium
Negative,Dislike madiroru mostly Rashmika Mandanna fans anisuthe.........,7,0.0,0.25,0.25,0.75,0.5,False,medium
Negative,Sir ondhh hellla ..... nEllaru kelsa antha ondhh madtirtare ....nnMathe biduvu madkondu film nodok barthivi .....nAvaga naav estu antha ollole film na nodbodhu neevu heli ...nnSwalpa plan madkondu industry ...Ella ottige bido yojane na hidkoldhe idre best ....,38,0.0,0.7419,0.7419,0.2581,0.5161,False,medium
Mixed feelings,Idu charitre srushtiso avatara...n*A*S*N*nYar yaru movie nodi like agide,9,0.0,0.75,0.75,0.25,0.5,False,medium
Mixed feelings,Sir hagadre namma desha kooda communist rastra agbeka?,8,0.0,0.75,0.75,0.25,0.5,False,medium
Positive,Super my fevaret  thanks thaku soo mucha  ee janpadh hashy hakedhke shambhu bhalligar avarege kote kote ondhanegallu pls inodhu nuchen malaya edhe alla adhan hakepa pls,26,0.0,0.8077,0.8077,0.1923,0.3846,False,medium
Negative,@Karthik Gowda Dacchu hmm aythu dagarge hosa award kodtini bandli star antha helbidu,13,0.0,0.8182,0.8182,0.1818,0.3636,False,medium
Mixed feelings,Ivru helirodu antalla namma dharma shashtra helide. Ashwathhama chranjivi endu. Adre avru doctor manège hogidru adu doubt,17,0.0,0.7333,0.7333,0.2667,0.5333,False,medium
Mixed feelings,Sorry ..nFilm thetarally  nododakkagta ella..nEnadruu theatar open adre nan nija hogtini ..matte friendsnu karkondu hogtini .,16,0.0,0.7333,0.7333,0.2667,0.5333,False,medium
Negative,Ho guru adu pubg alla  adu yav game antha modlu thilko ninu,12,0.0,0.75,0.75,0.25,0.5,False,medium
Positive,Jadesh Kumar Anna.. trailer is dashing,6,0.0,0.25,0.25,0.75,0.5,False,medium
Negative,@Nandi Parthasarathi nandini anta itkondidya nen hengsa🤣🤣nEllelo hogbeda matter bage matado childe....chanagiro film na chanagila antyala adrale gotagute enta kachda nenu anta bereourna aadre belsu ilwa tepug iru..nim appa amma nu bereourna tulkonde bandirbeku adke nenu hinge,37,0.0,0.8571,0.8571,0.1429,0.2857,False,medium
Negative,Ivnu soole maga pakka. Ivnu yash fan bandu hen kelsa madthavne nodro soole maga,14,0.0,0.8462,0.8462,0.1538,0.3077,False,medium
Positive,Yelli eddru guru e music director super music ultimate music,10,0.0,0.2,0.2,0.8,0.4,False,medium
Positive,Edu edu kannada industry... Olle kalavidrige,6,0.0,0.75,0.75,0.25,0.5,False,medium
Positive,Adru namboru thumba Jana edare sir,6,0.0,0.8,0.8,0.2,0.4,False,medium
Negative,Nan lwda dalli edane band nodkondu ogo gandu,8,0.0,0.75,0.75,0.25,0.5,False,medium
Negative,Nan jeevana yak hingaytu anta camera munde ಅಳುತ್ತಾ kuthiro janagala madya,11,0.0909,0.6364,0.7273,0.2727,0.5455,False,medium
Positive,Ivrna nodidre ashwath avrna nodida hange agutte......nVoice antu ade tara ide,11,0.0,0.8,0.8,0.2,0.4,False,medium
Mixed feelings,sir niu ene adru tik tok alli hero herohin tara stile madtarala avarige idu kammine niu innu ivarige rost madi sir jai modi ji,24,0.0,0.7917,0.7917,0.2083,0.4167,False,medium
Positive,Nice bro Nina vicoe super,5,0.0,0.25,0.25,0.75,0.5,False,medium
Negative,@10 R hogi ballegaarnn tunne unn... Aa balegaaran bhikshe majestic cinema nim dBabes ge .. Nim amma majestic Sule ansuthe adkke isht harkottiddiya bewarsi sulemundemagane... Nin ammana Kellu Nene hege malgisi keydiddini anta ...,34,0.0,0.7826,0.7826,0.2174,0.4348,False,medium
Mixed feelings,Kannada cinema dali osha parvaa . .......,7,0.0,0.2,0.2,0.8,0.4,False,medium
Positive,Naavu maduvakelasa Namma athmabhimanakke dakke baradanthe badukuvude hemmepadabekada vishayaviddare Hat's off you congratulations,13,0.0,0.7273,0.7273,0.2727,0.5455,False,medium
Positive,Bro nanu tik tok install madidde..onde dinakke uninstall madde....matte tik tok sahavasakke hogilla...allinda tik tok agu hogugalanna troll video dalle nodi njoy madta idini....super bro...🤣🤣🤣🤣,25,0.0,0.7619,0.7619,0.2381,0.4762,False,medium
Positive,Guru nin yelli adru tagondi roast madodu bidbeda ninge bekadre kaalige biltini,12,0.0,0.8333,0.8333,0.1667,0.3333,False,medium
Positive,Nanage nambalu sadyavaguttilla ...adakkagi ondu balavada karana athava kuruhu beku next vedio dalli haki I am waiting,17,0.0,0.75,0.75,0.25,0.5,False,medium
Mixed feelings,@nageshwar nagu mungaru male khaali odtirlilla 50℅ prekshakaru bartidru 3rd week nantra 100℅ adru,14,0.0,0.8182,0.8182,0.1818,0.3636,False,medium
Positive,Anna super talent  anna nimdu ide tara videos  madtabiri,9,0.0,0.2222,0.2222,0.7778,0.4444,False,medium
Negative,tiktok madle beku andre  chines border bidona alle tiktok madi syali,11,0.0,0.8182,0.8182,0.1818,0.3636,False,medium
Positive,Bro nim videos delete agalla bedi  bro don't worry do videos bro,12,0.0,0.25,0.25,0.75,0.5,False,medium
Positive,Year ge ondu film bandru Chenagide super sir,8,0.0,0.2857,0.2857,0.7143,0.5714,False,medium
Positive,D boss fans inda full support iden#jaidboss,7,0.0,0.2857,0.2857,0.7143,0.5714,False,medium
Positive,@Madhu Madhu hello bro navu tulunad navru tulu namma matru bashe aste abhimana kannada bashe melu ide,17,0.0,0.75,0.75,0.25,0.5,False,medium
Negative,@Troll Stupid Fans hudgiru comment madodunne nodok bartiya bevarsi  madak kyaame ilvenoo lofer,13,0.0,0.8182,0.8182,0.1818,0.3636,False,medium
Positive,Karabu Song Keli....bejar agii .....e song kelthaa edhini....🤗🤗🤩🤩🤩,8,0.0,0.75,0.75,0.25,0.5,False,medium
Positive,Innu enta avrige hege helbeku anna desha anta bandaga ellaru ki jodisbeku enta avrige nam deshada sinikaru prana kodbeka adike kendra sarkara ne  e tik  tok  ban madbeku,28,0.0,0.7857,0.7857,0.2143,0.4286,False,medium
Negative,Promotions madro illa 3 varsha kasta pattiro du waste sgbardu,10,0.0,0.7778,0.7778,0.2222,0.4444,False,medium
Negative,Nin tula malanaleya asvat nama avru yar kanigu kanskalake esta padala akaamat kandru noddavru ale satogtare antadrali avne band docter baklu badudnante nin avunmakanleua hogi nin anta gandu galge hog helu kate na,33,0.0,0.8485,0.8485,0.1515,0.303,False,medium
Positive,Comment's nali like madidre illi unlike madi (super song ) nI will coming soon back ..⏳ n100 days super it move pakka.,22,0.0,0.2632,0.2632,0.7368,0.5263,False,medium
Positive,@vinay vinu  Hindu Muslim Cristian etc etc... Yella naav naav madkondirodu. Yella manushyaru onde,14,0.0,0.875,0.875,0.125,0.25,False,medium
Positive,Super super super mahithi,4,0.0,0.25,0.25,0.75,0.5,False,medium
Positive,Super agide song maatra Haaands Up  n940 dislikes and still counting,11,0.0,0.25,0.25,0.75,0.5,False,medium
Positive,China copy maadi naawu maadbekilla.. jana alli khushyaagilla.. naadre niw helidralli tumba kelsa aagbeku.. bhaaratadalli adella maadodu janakku bekaagalla,19,0.0,0.8421,0.8421,0.1579,0.3158,False,medium
Mixed feelings,Bro hagandr kgf asn 5 language alli bidugade agute avaga bere industri avaru hage andre yenagutte,16,0.0,0.8,0.8,0.2,0.4,False,medium
Mixed feelings,Howdu brother nanu tv nalli nodidde evru elidnella avru elidru,10,0.0,0.8,0.8,0.2,0.4,False,medium
Negative,Bai rakshith avri nan msg nodudri yargu agllilla aa thukali dagarna madvi madkolak hogbedi,14,0.0,0.7857,0.7857,0.2143,0.4286,False,medium
Positive,Super Bindu ge Takkar kottidira bro,6,0.0,0.25,0.25,0.75,0.5,False,medium
Negative,Nan maga ge lali song wake up song ella  nu e song agide,13,0.0,0.2308,0.2308,0.7692,0.4615,False,medium
Negative,Ajanish Loknath en music kottiddiya ಗುರು ಚಿಂದಿ,7,0.3333,0.5,0.8333,0.1667,0.3333,False,medium
Positive,super guru yellidde guru,4,0.0,0.25,0.25,0.75,0.5,False,medium
Negative,Neevu varshkke ondu cinema madru supper 1varshkke 34cinema madobadalige intha ondu cinema saku,13,0.0,0.7273,0.7273,0.2727,0.5455,False,medium
Negative,Unlikers Ella chinos appang huttid sulemaklu irbek,7,0.0,0.8333,0.8333,0.1667,0.3333,False,medium
Negative,@Dayananda C howda BJP yavaru kadime kallara mate yaddiyuvarappa  yake jailge hogi bandru . 15 minister jailge hogidyake?? nNin first corectagi artha madka first,24,0.0,0.7619,0.7619,0.2381,0.4762,False,medium
Mixed feelings,Istu helidru innu tik tok ge support madoru manushyare alla nArta madkoli pls pls,14,0.0,0.7143,0.7143,0.2857,0.5714,False,medium
Positive,Namma  desha da bagge abimana ellde eroru ge  adru tik tok use madtha eddre avru tamma mother naa ennobirige bitkotta hage  eddanu odinu tik tok madidre niu muuru bittoru antha artha,31,0.0,0.871,0.871,0.129,0.2581,False,medium
Positive,Super bro.........yen roast madtiya bro ....,6,0.0,0.25,0.25,0.75,0.5,False,medium
Negative,Avlu lofar .....nan sister Diya papa amezon a to z super next relece I m going,16,0.0,0.2857,0.2857,0.7143,0.5714,False,medium
Negative,Yake avru uninstall madak hinde munde  nodtidare  andre.   Avrige  amount bartide  ansutte tiktok enda,14,0.0,0.7692,0.7692,0.2308,0.4615,False,medium
Positive,astena sir innu sawlpa chanagi hellbekithu tik tok kalli galige super guru,12,0.0,0.75,0.75,0.25,0.5,False,medium
Negative,@SURAKSH SHETTY naa yaavatu Shetty bandagindha Kannada industry ketede antha helilla aadre bereyavaru eedare evaara banner aali baari majority aage Shetty nee eerodu,23,0.0,0.8421,0.8421,0.1579,0.3158,False,medium
Negative,Noraru kooti suriyo Kannada Film industry entha kalavidara nu belasalu sadyavilave enta  nachike vishaya alva,15,0.0,0.7692,0.7692,0.2308,0.4615,False,medium
Negative,Nam boss avru Nam boss ivru antha kachadtirornella onde kade  sersi maja kodone shree mannarayan,15,0.0,0.7857,0.7857,0.2143,0.4286,False,medium
Mixed feelings,Shivu rajkumarnPunith rajkumarnRaghavendra rajkumarnAvvr ge chance kodda beku...pappa,8,0.0,0.7143,0.7143,0.2857,0.5714,False,medium
Negative,Elru Thika muchkond iri nim build up galu nodok agtilla..producer gee enro kashta...??? Kashta irodhu Badavarigee..corona bandhu esht family sayta .idave..uta ildale esht himse agta idee avrige jeevna nadsoke maklige nettagee ondh otthu uta kodok agdale avrige help madi,39,0.0,0.8571,0.8571,0.1429,0.2857,False,medium
Positive,Super guru Ella record break made madtira guru nivu i love sir,12,0.0,0.1818,0.1818,0.8182,0.3636,False,medium
Negative,@prithvi nayak Flop yaavdu antha Karnataka ge gottu bidi...,9,0.0,0.8333,0.8333,0.1667,0.3333,False,medium
Positive,Super music avane srimannarayana movie super it movie anoru like me,11,0.0,0.2727,0.2727,0.7273,0.5455,False,medium
Negative,Ondondu maathu shalege chappali suthkondu hodeda hagide bro nnNkn chaina apps ban maadsi avar arthikathage hodetha bilali nnTq so much,20,0.0,0.75,0.75,0.25,0.5,False,medium
Positive,Adhi... Sprb acting. Olle avakashagalu sigli nimge. Idi team gu olled agli,12,0.0,0.75,0.75,0.25,0.5,False,medium
Positive,First time kannada movie film video song full bittirodu,9,0.0,0.1111,0.1111,0.8889,0.2222,False,medium
Negative,@VIKRANTH DHANUSH Handsup kannada pada yenu? Polsaru yava pada use madtare?,11,0.0,0.75,0.75,0.25,0.5,False,medium
Negative,🤔🤔🤔 hello thamma navu unity maintain madthivi aithu thorskolo avyashyakathe namgila nin CMT nodid kudle yavan avr fanism bidkodala 🤣🤣 nin kano doddu sede nan maga,26,0.0,0.7826,0.7826,0.2174,0.4348,False,medium
Negative,All fake bro nija vishaya maatra heli bro ummane janara manasalli sullu nambike yanna huttisa bedi plzzzz,17,0.0,0.75,0.75,0.25,0.5,False,medium
Positive,Obba nata driver ägiddaru adakkintha obba driver natarägiddàre annothe HEMME.,10,0.0,0.7778,0.7778,0.2222,0.4444,False,medium
Positive,Pop corn monkey tiger kuda super idr,7,0.0,0.2857,0.2857,0.7143,0.5714,False,medium
Negative,Thu sooolemagane Bari star madya tandido kelsa madtiralo ibru kuda nam Kannada actors ibrigu nam support yavaglu irutte nimmanta soolemaklu ibru madyaadali tandidtira,23,0.0,0.75,0.75,0.25,0.5,False,medium
Positive,Re release maadi movie na... Super movie,7,0.0,0.2,0.2,0.8,0.4,False,medium
Negative,@Prithvi Vishwanath nle D boos bagi matadaku ugyote bekale.... dam bekale.... Kuri shetra ascar nominasahan filam gota? takat idre ond icy haatika filam tegiro nodana? joi d boos,28,0.0,0.75,0.75,0.25,0.5,False,medium
Negative,bindhu lowda na enu rost madu guru,7,0.0,0.7143,0.7143,0.2857,0.5714,False,medium
Negative,Thuu nachike annodhe elwa yella vishaya galu bare joke madkonde erthiralla ... loo change aagro ennu time edhe,18,0.0,0.7647,0.7647,0.2353,0.4706,False,medium
Positive,Nam boss supero super,4,0.0,0.25,0.25,0.75,0.5,False,medium
Mixed feelings,Gurve egle Google nali search madu,6,0.0,0.8,0.8,0.2,0.4,False,medium
Negative,Bharatadalli Experience kelidre en madodu? Nav hosa kelsa madoke ready idivi,11,0.0,0.8889,0.8889,0.1111,0.2222,False,medium
Mixed feelings,@Dayananda C sir ivaga hagalla belige call maditini heli. Prashne keltini. Political bittu . Abhirudhi bagge keltini heli.,18,0.0,0.7857,0.7857,0.2143,0.4286,False,medium
Negative,Bro navu arvinda tilkotidivi andre navu avrige yenadru kodbeku dodd dodd channel galige hinde dodd vyakti irtare so skip madade nodi avrigu duddu barli  .,25,0.0,0.7917,0.7917,0.2083,0.4167,False,medium
Mixed feelings,Nija. Never support communist party,5,0.0,0.25,0.25,0.75,0.5,False,medium
Positive,Thumba vishaya galannu thilisi kotri Amar prasad ravare .thank you,10,0.0,0.7778,0.7778,0.2222,0.4444,False,medium
Mixed feelings,Good information sir but ivattu yako parokshavaģi  China desha vanna hogalida hage ittu adru ade nija  satya yavaglu kahiyagi irutte,20,0.0,0.7895,0.7895,0.2105,0.4211,False,medium
Positive,Enu helede guru baidaru kuda paragilla good thingking,8,0.0,0.75,0.75,0.25,0.5,False,medium
Positive,Game name henu bro,4,0.0,0.25,0.25,0.75,0.5,False,medium
Positive,Super bro huge video madu Anna,6,0.0,0.2,0.2,0.8,0.4,False,medium
Negative,Guru Chinese mobile yen madodu,5,0.0,0.25,0.25,0.75,0.5,False,medium
Positive,Super Anna ede Tara video s Madi super,8,0.0,0.2,0.2,0.8,0.4,False,medium
Positive,Chinada tiktok CEO helidanante bharatadalli  iruvashtu somarigalu berellu illa anta idarta avara deshadavare aa app annu ashtu use madtilla  bharatadalli koti gattale use madtidare. Banne maadida modi sarkarakke danyavadagalu nnJai JAWAN Jai KISAN nJAI HINDH,35,0.0,0.8621,0.8621,0.1379,0.2759,False,medium
Positive,ಸಕ್ಕತ್ ಹುರಿದ ಗುರು olle patta kalsidya tiktok support madidha Ch * as galige ....,14,0.2727,0.5455,0.8182,0.1818,0.3636,False,medium
Positive,Nice song galli mathina bajaru suddi saridhe sumaru charitre shrustiso avathara,11,0.0,0.8182,0.8182,0.1818,0.3636,False,medium
Positive,Most liked video song agutte ee Kannada Film industry li  Year,11,0.0,0.25,0.25,0.75,0.5,False,medium
Negative,Ending nalli looti heg sikthu avnge.. movie nalli thorsode illa ..,11,0.0,0.8,0.8,0.2,0.4,False,medium
Negative,sule bindhu... awlge nam sainikaru kintha awllu fame beku.. thu lofer mundde hula bidhu saithya ninu,16,0.0,0.8,0.8,0.2,0.4,False,medium
Negative,E jana thav sathru kuda Tiktok na mathra uninstall madola ansuthe 🤦 kelsa ildhe showoff goskara tiktok madi china davrna belstisdre jothege tham mana maryade na halmadkotidare thu en jananappa ige roast madi bro tiktok madorgella.,36,0.0,0.7353,0.7353,0.2647,0.5294,False,medium
Negative,Tik tok  bevarsigalanna chaina   gadiyalli chaddiyalli bomb ettu chaina  kade  odisa beku avaga sari agutte,15,0.0,0.8667,0.8667,0.1333,0.2667,False,medium
Negative,Tiktok madorena Chinese ge kalse beku,6,0.0,0.8,0.8,0.2,0.4,False,medium
Negative,suvarna chanle nemge studio elva yvdo gujari jagadali madidira ade star actors agidre hege madtidra,15,0.0,0.7333,0.7333,0.2667,0.5333,False,medium
Positive,Nam salwagi kadiyali eddu kasta padtare army dauaru  but ewrige tiktok du hatide thunima  India dali edre India jana hage erli thoo nima chanagi matadiya anna tq,27,0.0,0.76,0.76,0.24,0.48,False,medium
Mixed feelings,Bro niu videos dali torso gems name yanu,8,0.0,0.25,0.25,0.75,0.5,False,medium
Positive,Plz dayvitto Kannada Film industry yali ivrgge Film gallali chence koddi yappa,12,0.0,0.7778,0.7778,0.2222,0.4444,False,medium
Positive,Nim yella maathu nam prathidina jeevana dalli bekadudhe. nnivu genuine,10,0.0,0.8,0.8,0.2,0.4,False,medium
Positive,En guru song idu awesome steps are just amazing,9,0.0,0.2222,0.2222,0.7778,0.4444,False,medium
Positive,BGM yav Hollywood gu kammi illa. Amazing song,8,0.0,0.8333,0.8333,0.1667,0.3333,False,medium
Negative,Looo bolee makla tiktokersnSule Galla India du economy jasthe madeee adree nkn china du madtheraaa nBole makla Nim na hang madbeku n Tiktokers nChina du spoons ninunBole maklla Sule mundee galan,31,0.0,0.7391,0.7391,0.2609,0.5217,False,medium
Positive,ಏನ್  ಪ್ರಾಸ  ಗುರು  ನಿಂದು 🤣nNkn deng devru madu tiktok na,10,0.4,0.4,0.8,0.2,0.4,False,medium
Negative,Sule magne nin maneli yava china product ilva,8,0.0,0.75,0.75,0.25,0.5,False,medium
Positive,Life Alli esto movie nodidivi adre diya movie astu yavdu  ista agtilla. Diya nodid mele love madbeku,17,0.0,0.7333,0.7333,0.2667,0.5333,False,medium
Mixed feelings,Origin...but grown up in kapu..nimge kannada barutta wow.,8,0.0,0.2857,0.2857,0.7143,0.5714,False,medium
Negative,Sir. Movie bagge eradu matilla. Adre ivatu multiplex jasti agi bittive. Rate kooda bhayankara. Ondu nominal price idre hogbahudu. Tumba janru kooda primenalli,23,0.0,0.7778,0.7778,0.2222,0.4444,False,medium
Negative,Ivrella nijvaglu nam Indian anta ansutte anna yappa istu himse kodtidru tiktok antidaralla yappa nijvaglu ivnella nijvaglu aaisbeku,18,0.0,0.8824,0.8824,0.1176,0.2353,False,medium
Positive,Yen helda guru super,4,0.0,0.25,0.25,0.75,0.5,False,medium
Positive,Haaa nivu super bro i am big fan your voice  ....,11,0.0,0.1111,0.1111,0.8889,0.2222,False,medium
Negative,Bindu nu china breed may be,6,0.0,0.1667,0.1667,0.8333,0.3333,False,medium
Positive,Super sir yentha mathu nivu sir nijavada tik tok bagge thilekondirodu,11,0.0,0.7273,0.7273,0.2727,0.5455,False,medium
Positive,Neev mado pratiyond videos galu mukake ekda tegdu oddag irutte bidi bro and nim voicenim big fan agbitidivi bro......,19,0.0,0.7222,0.7222,0.2778,0.5556,False,medium
Positive,Drivergalu yavttidru king  proud of my job,7,0.0,0.2857,0.2857,0.7143,0.5714,False,medium
Positive,Sara super Nivu holleya kalaviddaru Sara Nivu nuraru varusa chanagiri,10,0.0,0.7143,0.7143,0.2857,0.5714,False,medium
Negative,Alla inta olle video gu dislike madtaralva avrige manaviyate manushyatva olle guna kuda illa ansutte.....enta swabhimani vyakti weekness na kuda strenth agi madkond swabhimani agi jeevna madtidaralva great sir....,29,0.0,0.8519,0.8519,0.1481,0.2963,False,medium
Positive,Sir yella song video clips release maadi,7,0.0,0.2857,0.2857,0.7143,0.5714,False,medium
Positive,2nd time yaar nodtha ideera,5,0.0,0.75,0.75,0.25,0.5,False,medium
Positive,Really ... Diya Karnataka crush agbitidare... Nija taane...? Love u diya,11,0.0,0.25,0.25,0.75,0.5,False,medium
Positive,Super movie.yallaru hogi nodi,4,0.0,0.75,0.75,0.25,0.5,False,medium
Positive,Wwwwso Super rakshit boss nim name nange tumbanee ista hagee nim movinu istanee nnnnnn,14,0.0,0.8182,0.8182,0.1818,0.3636,False,medium
Positive,Edhu  charitreh  surishti suva  awatra.....excellent,5,0.0,0.75,0.75,0.25,0.5,False,medium
Negative,@Gajendra hv neen kano show off gandu... Flirt maadoke bartaane bewarsi... Nimanta chool bewarsi gallindaane hudugiru comment maadoke hogolla jasthi... Jeevndalli hudgirna nodillveno thukaali,24,0.0,0.7778,0.7778,0.2222,0.4444,False,medium
Mixed feelings,@Nandi Parthasarathi nimmvga nimmkga ittini illi ninuge 50%off ba,9,0.0,0.8571,0.8571,0.1429,0.2857,False,medium
Negative,@VINOD KALMANI nhu neen iro jagane helu.... naane bandu hoditini.... illa tumkur main road bustop ge bandu partha yaaru antha kelu,21,0.0,0.8333,0.8333,0.1667,0.3333,False,medium
Negative,Hindi Yalli Distribution madore illa ouda,6,0.0,0.75,0.75,0.25,0.5,False,medium
Mixed feelings,Slow poison song annoru like Maadi,6,0.0,0.2,0.2,0.8,0.4,False,medium
Negative,Eno Anna dool ebsi bitti alla comment boxnalli,8,0.0,0.8571,0.8571,0.1429,0.2857,False,medium
Negative,Vijapura distica sindagiya tetaranalli e song cut madiddare yaradaru vicharisabekagi vinanti,11,0.0,0.7273,0.7273,0.2727,0.5455,False,medium
Negative,rashmika tunnanna nge max 5 years tym bt shetty ge innu 20 ys tym ide RAKSHITH SHETTY belibeku annoru movie nodi .....,22,0.0,0.7059,0.7059,0.2941,0.5882,False,medium
Positive,Yaaru Film nodkobandu keltiroru like maadi,6,0.0,0.8,0.8,0.2,0.4,False,medium
Negative,Gulama movie tarah ondd movie maadu nin hesrru maate kellsutte,10,0.0,0.8,0.8,0.2,0.4,False,medium
Negative,Barri dabba movie ne unn maado du,7,0.0,0.7143,0.7143,0.2857,0.5714,False,medium
Positive,Nivu pan India film Madi sir nivu Nam sandalwood most handsome hunk,12,0.0,0.2222,0.2222,0.7778,0.4444,False,medium
Positive,D.boss kade inda dodda wel come madtivi,7,0.0,0.8571,0.8571,0.1429,0.2857,False,medium
Positive,sir nivu thumba olle talent  iruva actor swalpa deha kammi madi modalnage stayilish agi idre nivu modalinage form ge barthira,20,0.0,0.75,0.75,0.25,0.5,False,medium
Negative,ಸೂಳೆಮಗನೇ yengo ediya ಎಲ್ಲಾ ಕಡೆ daagar ankondu promotion madtira gaandu sulemakla daagar kano avnu Darshan alla 🤦‍,17,0.2,0.6667,0.8667,0.1333,0.2667,False,medium
Negative,Lo nin d filme odtilla modlu anv film nodro amele bere filmge sprt madu sumne comnt akbitre film odbidutta bari builduppu,21,0.0,0.8095,0.8095,0.1905,0.381,False,medium
Negative,@naveen v nim gandu balegara movie yalla utterflop modlu side acting madudu ಬಿಡು anu modlu,15,0.0667,0.6667,0.7333,0.2667,0.5333,False,medium
Negative,@twisted formals yake urita edeya nivu dagar fans anta nim culture ende gottu agute modlu sariyagi mat adu magne modle Gulbarga mandi navu start madre ninu eral nin avvun tullu clean madsu,32,0.0,0.7742,0.7742,0.2258,0.4516,False,medium
Negative,@naveen v ninna luccha ige modale kaddi swalpa body madkond baralu helu olle baavali haage eddane mattu omdu hit movie kodoke helu madirodella flop,24,0.0,0.7917,0.7917,0.2083,0.4167,False,medium
Negative,@Ambrish Mallad modalu bere hero respect kododu kali amele maathadu gaandu kudlu ella adu Ella andkondu,16,0.0,0.7143,0.7143,0.2857,0.5714,False,medium
Negative,Lo d gujaalds neev support maadida yaav sinimaagalu succes agilla .. yaakro sumne buildep .. simple example andre ..amar movienu ..fail maadudralo .ambareesh gintha name bekittha...ಮಧ್ಯೆ ನೀವ್ ಹೋಗಿ ಹಾಳ್ ಮಾಡುದ್ರಲೋ ..,31,0.1786,0.5357,0.7143,0.2857,0.5714,False,medium
Negative,Rock Siddu yaako gaandu soole magane naanu ninna thangina rape maadidna.. yelo mathannu ole mathanaadu.. nanagu baahi ide.. nanage gothilade thapagide.. Neenu mathado reethi badalisiko ...,26,0.0,0.8696,0.8696,0.1304,0.2609,False,medium
Mixed feelings,Super d boss fan's like madi,6,0.0,0.1667,0.1667,0.8333,0.3333,False,medium
Mixed feelings,Sir mobile gala bage video madi bro,7,0.0,0.2857,0.2857,0.7143,0.5714,False,medium
Positive,Nimma mahithi 100% sathya yavaga etharahada rajakaranigalinda deshakke mukthi sigatho aa devarigu kuda gothilla adare next generation avaru sadane madabahudu,20,0.0,0.8421,0.8421,0.1579,0.3158,False,medium
Negative,Elli politics jasti and beliyokke bedalla hotte kirchu padthare,9,0.0,0.7778,0.7778,0.2222,0.4444,False,medium
Negative,Tik tok Tarane act madidre hana sigutalva edanne etkondu. Nam government mane manege items kottu Products ready madi adanna videshakka marata madbeku matte nam janakke kamishon kotre voledalva. Nam jangala kayyalli yake kelsa madkotilla .,35,0.0,0.7667,0.7667,0.2333,0.4667,False,medium
Positive,Karavali karavali... Itte boda marre?? Film super hit aagbeku. Bere statesnavru nammatha nodbeku aste...,14,0.0,0.7778,0.7778,0.2222,0.4444,False,medium
Negative,Varshakke 3 thagadu movie madi industry haal mado hero galu ondh kade adrenn3 Varsha kasta pattu ondhu olle film mado namma Rakshith Shetty haagu Yash innondh kade n,28,0.0,0.7727,0.7727,0.2273,0.4545,False,medium
Negative,Okie okie anta helboduu powerful music irbekittu,7,0.0,0.7143,0.7143,0.2857,0.5714,False,medium
Positive,Pakka mas Nam kannada movie,5,0.0,0.25,0.25,0.75,0.5,False,medium
Mixed feelings,Kannada film  industry avaru sir solpa nodi rii yen madta ididra inta ashvath sir avara maga ondu sanni veshe dalli kalsa Kodi,22,0.0,0.7143,0.7143,0.2857,0.5714,False,medium
Positive,Bigg boss nalli kalisri nijwaglu help maadida haage aaguthe intha olle artist ri ivaru kasta dalli iddaare,17,0.0,0.7647,0.7647,0.2353,0.4706,False,medium
Positive,Nijvaglu nivu tumbha great sir nimma antha ollevyakthi nodi devru idana antha prashne baruthe,14,0.0,0.8571,0.8571,0.1429,0.2857,False,medium
Positive,Super bro nim nice and dialogue bro🤣,7,0.0,0.1429,0.1429,0.8571,0.2857,False,medium
Negative,Chindi guru... tik tok ban agi yar thika urkoltha avree avru hogi Indian army mathe Modhiji naa keli..! Lowda antha tik tok li questions madodala..!!!,25,0.0,0.8,0.8,0.2,0.4,False,medium
Positive,En helde guru sakkath.tik tok madorgella super agi heldre,9,0.0,0.7778,0.7778,0.2222,0.4444,False,medium
Positive,movie was legendary. ninu itihasa baryoke bandirodu maga. kannada indutry history baredre eradu part irutte ondu rakshit baroku munche mattondu rakshit  bandadmele,22,0.0,0.7273,0.7273,0.2727,0.5455,False,medium
Mixed feelings,Bidu guru vorkolru edri moduke hogudu nLike China nodi navu bega fast hagbekantilva hage,14,0.0,0.8462,0.8462,0.1538,0.3077,False,medium
Positive,Nin voice and dialogues ge fidha guru 🤣🤣🤣🤣🤣,8,0.0,0.2857,0.2857,0.7143,0.5714,False,medium
Mixed feelings,Anna e game yavadu,4,0.0,0.25,0.25,0.75,0.5,False,medium
Mixed feelings,Guru nin voice en guru adu ha ha bombat__ series agi ond heltini nanage enadru nim videos inda nakku nakku hotte novu bandre neeve javabdari helidini,26,0.0,0.7308,0.7308,0.2692,0.5385,False,medium
Negative,Tiktok ban agirodrida tiktok madtidrala avr family avrig kushi agirute tumba deena ivr mada nodi sakagitu,16,0.0,0.8125,0.8125,0.1875,0.375,False,medium
Positive,Olle kelsa madudru ban madi......  2020 li idonde gudnews,9,0.0,0.7143,0.7143,0.2857,0.5714,False,medium
Mixed feelings,Anna aa game yavdu,4,0.0,0.25,0.25,0.75,0.5,False,medium
Negative,Yelli tanka jana moodnambke bidalvo alli tanka inta shatnayakru useless videos haktane irrtare guru.nMahabharata tumba olle moral story. Jeevanakke bekagiro tumba paata ide idralli. Adunella use madkondu olle jeevna madbeku aste. nHindu Muslim Cristian etc etc... Yella naav naav madkondirodu. Yella manushyaru onde,43,0.0,0.7778,0.7778,0.2222,0.4444,False,medium
Negative,Yelli tanka jana moodnambke bidalvo alli tanka inta shatnayakru useless videos haktane irrtare guru.nMahabharata tumba olle moral story. Jeevanakke bekagiro tumba paata ide idralli. Adunella use madkondu olle jeevna madbeku aste.,31,0.0,0.7586,0.7586,0.2414,0.4828,False,medium
Mixed feelings,Wow exlent verry new dfrent yellu kelilla nodilla danyavadagalu,9,0.0,0.7778,0.7778,0.2222,0.4444,False,medium
Negative,@Virat Sachin tika yak urkolona Swami... Swalpa Naga Bantu.. Nakde... Tale mele yard hodidu buddi helona ankondde..,17,0.0,0.8,0.8,0.2,0.4,False,medium
Negative,@Thejas Gowda avnu oba uneducated slum sulemaga..adke yaneno bogltane🤣🤣,9,0.0,0.75,0.75,0.25,0.5,False,medium
Mixed feelings,Aga navu yaru TV Alli nododu beda. Suvarna channel avra TRP kammi madsona. Aga avrige buddhi barutte. Olle olle films Nella isht Bega TV Alli hakudre theatre ge yaar hogtare,30,0.0,0.8,0.8,0.2,0.4,False,medium
Positive,Intaha innu hadugalu kannada industryge beku annuvavaru like madi,9,0.0,0.7778,0.7778,0.2222,0.4444,False,medium
Positive,Big star agbitte u,4,0.0,0.25,0.25,0.75,0.5,False,medium
Positive,Kannadadalli ee Tara cinematography iro movies innu barli,8,0.0,0.7143,0.7143,0.2857,0.5714,False,medium
Positive,Anna Saudi Arabia li release maadi,6,0.0,0.25,0.25,0.75,0.5,False,medium
Mixed feelings,@sathish chandra 🤣Naan kelv comment noDidakke heliddu,7,0.0,0.7143,0.7143,0.2857,0.5714,False,medium
Positive,Avane nodri sriman narayan love from belagavi,7,0.0,0.7143,0.7143,0.2857,0.5714,False,medium
Mixed feelings,Idappa kannada song andre KFI back on track,8,0.0,0.1429,0.1429,0.8571,0.2857,False,medium
Negative,Over buildup yella yaake bidu guru...story chanagi kottidre saaku...aa rashmika thika uribeku....,12,0.0,0.7778,0.7778,0.2222,0.4444,False,medium
Positive,En song Guru... Namma Narayana Namma hemme all India fidha agibitdhe nimge ....,13,0.0,0.7143,0.7143,0.2857,0.5714,False,medium
Positive,Idu idu bekittu actually.....jai rk boss,6,0.0,0.8,0.8,0.2,0.4,False,medium
Negative,Bandiro 3 comment adru avalge andkondre adu ugiyakke madidiralla guru,10,0.0,0.7778,0.7778,0.2222,0.4444,False,medium
Mixed feelings,Nam Kannada Heroes ge Support maadade Dislike Kodtiralla Enro Neevu....  ALL THE BEST From D BOSS Fans,17,0.0,0.25,0.25,0.75,0.5,False,medium
Positive,Nim ge esta agiddare like.Comments.madi,5,0.0,0.8,0.8,0.2,0.4,False,medium
Mixed feelings,Vilan ಬಳಿ ಒಂದು coin urali barhttalla,6,0.3333,0.5,0.8333,0.1667,0.3333,False,medium
Positive,Best song I have heard after belagenddu,7,0.0,0.1429,0.1429,0.8571,0.2857,False,medium
Positive,Sooper pa Rakshit.  mukali haryanga talent paa nindu,8,0.0,0.7143,0.7143,0.2857,0.5714,False,medium
Positive,Tukaram character yarige ista agide avru like madi,8,0.0,0.75,0.75,0.25,0.5,False,medium
Positive,E kithu hogi ero Nan makallu na chapalli Alli hodi beku.... Tiktok Ban Madi olle kelsa Madi edare,18,0.0,0.8182,0.8182,0.1818,0.3636,False,medium
Positive,En Anna nim mathgalu Mika 🤣🤣🤣🤣instadalli sigtave bidi anna,9,0.0,0.8333,0.8333,0.1667,0.3333,False,medium
Positive,Guru e game name en guru.... Masth eede game,9,0.0,0.2857,0.2857,0.7143,0.5714,False,medium
Mixed feelings,Correct aag helidri bro .. aa lfr ge tiktok ilde idre uta nidde baralla ansatte,15,0.0,0.7143,0.7143,0.2857,0.5714,False,medium
Negative,Full gichhh Madi nod anaa mast,6,0.0,0.25,0.25,0.75,0.5,False,medium
Positive,nijvaglu ee movie nodilla Andre nim papa aste,8,0.0,0.7143,0.7143,0.2857,0.5714,False,medium
Positive,Rakshith shetty ... superb song .. ninna kastada prayathnakke kanditha pala sikke sigutte.  ..,14,0.0,0.8182,0.8182,0.1818,0.3636,False,medium
Positive,Ibrunu kannadadavre ibru belibeku. support maadi compare maadbedi,8,0.0,0.75,0.75,0.25,0.5,False,medium
Positive,first time keldaga ista agalla amel kelta kelta kelbeku ansatte.. nimgu haage annista,13,0.0,0.8462,0.8462,0.1538,0.3077,False,medium
Negative,Rip for 1.8dislikers devaru nimma atmakke shanti kodli,8,0.0,0.7143,0.7143,0.2857,0.5714,False,medium
Positive,Hands up-_if u like nHands up-_movie superhitnHands up-_record breakern Iddu hosa dakale shrutiso samaya ....,15,0.0,0.7692,0.7692,0.2308,0.4615,False,medium
Negative,Bigbossalli  step hakiro controverrsy nodi bandiror yar yarppann like Madi,10,0.0,0.7778,0.7778,0.2222,0.4444,False,medium
Negative,It's amazing movie.  I think promotion sari agilla anta anista ide,11,0.0,0.2727,0.2727,0.7273,0.5455,False,medium
Negative,@Sweekar Gowda Nim mane hatra ಊಟಕ್ಕೆ Jana galige kasta agtideya.nidre Avar place n avar Mobile number send madu.nಇನ್ನೊಂದು ಅರ್ಥ ಮಾಡ್ಕೊ nCorona ilde idaglu ninninda tegalo msg bandidave nOlle ಎಡಬಿಡಂಗಿ ತರ ಆಡಬೇಡಾnProcedure ge hana mukya alvo gottilla ಆ film technician ge avaru innondu chance kodabeku adu mukya nಅರ್ಥ ಮಾಡಿಕೊ ಮೂರ್ಖ ಶಿಕಾಮಣಿ,50,0.2667,0.4889,0.7556,0.2444,0.4889,False,medium
Positive,Harsith venktesh yake comedy anusathva... Kastadalli idhavarige help maadi punya siguthe,11,0.0,0.7778,0.7778,0.2222,0.4444,False,medium
Mixed feelings,Diya thumba chennagide ondu olle prayathna movie kone vargu sinimada ondu bhagavagi ondu olle feeling nalli movie na nodthidde but kone seen nijakku ishata aglilla tragidi ishtondu bekitta ellara manisige ishta ada adi na sayisbekitta so last seen nodida thakshna alliyavaregu idda feel pat antha Maya agi edenu heeg madudru ansuthe,51,0.0,0.74,0.74,0.26,0.52,False,medium
Negative,Please darshan fans dislike madbedi nim Hero ne great but please Ee movie ge dislike madbedi,16,0.0,0.2857,0.2857,0.7143,0.5714,False,medium
Negative,@sathish m nNin kano gaandu sariyagi matadu darshan fans bari kettadagi matadtare troll madtidare idu ninge gottenoley darshan na bitre yargu support madolla antha rumors spread madidare adke nangu ange anusthu helde,32,0.0,0.75,0.75,0.25,0.5,False,medium
Negative,Anna yav kaaldall iddira.2020 agutte next..Joke madbedi,7,0.0,0.8333,0.8333,0.1667,0.3333,False,medium
Positive,1st time - chennag illan2nd time - parvagillan3rd time- addicted,10,0.0,0.2,0.2,0.8,0.4,False,medium
Negative,@Yash cult Guru ellaa actors ade halkaa kelsaa maadodu bidappa raaja...,11,0.0,0.7778,0.7778,0.2222,0.4444,False,medium
Positive,Pruthvi avre nim acting Super,5,0.0,0.75,0.75,0.25,0.5,False,medium
Negative,6-5=2 nalli nijvadh video antha posteralli nodide but movie nodida mele gotthaythu adu sulu antha,15,0.0,0.7857,0.7857,0.2143,0.4286,False,medium
Negative,Kithodnan maklu galu. Alli saytha edare  elli yak madbeku uninstall madbeku anthare. Gandu galu,14,0.0,0.8333,0.8333,0.1667,0.3333,False,medium
Positive,Sathyavaada maathanna nudidri sir Bhagavanthana bagge  Bhagavanthana neevu kondadidri andre neevu saamaanya vyakthiyalla entha olle maathanna nijavaada obba jnaniyu nudithane  aadre neevu nudididdira Andre I r so grate Bhagavantha nimmanna chennagittirli edthare anno nambike ede thanku sirji,37,0.0,0.8182,0.8182,0.1818,0.3636,False,medium
Positive,Gud job  nim nirdharakke nimma kelasakke Namma gowrava namaskara. kanditha nimge olle role kodo buddi nirdeshakarige  haagu kannda industry ge barabeku...,21,0.0,0.7895,0.7895,0.2105,0.4211,False,medium
Negative,@Vinay kumar banthu jaathi naayi savi savi nenapu soole sudeepu pans for a reason 🤣🤪,15,0.0,0.7143,0.7143,0.2857,0.5714,False,medium
Negative,@Vinay kumar eno bale pan e rangege urkondidiya ninge urdiro ranagge burnol ella agbaralla keralakko kollegalakko hogi nin thikke shaanthi madsu jotege nim balegaran karkond hogi thikke 2 chakkotha katsu next kaddi pileswan ge balance agutte enanthira bale pans now bale pans reaction hakro steppu 🤣,46,0.0,0.7045,0.7045,0.2955,0.5909,False,medium
Negative,@VARAPRASAD K K shaata dagaar Savi Savi nenapu dagaar soole darshan though DeepunAA mudya choolbart kittod mukhakke thank thumba hair wigngaddakku shaata kittu anskondidaane choolbart.  avnige mettina haarane kodbeku🤣🤣,29,0.0,0.8148,0.8148,0.1852,0.3704,False,medium
Positive,E varsha bad news Keli Keli saakagittu...first good news of 2020,11,0.0,0.1429,0.1429,0.8571,0.2857,False,medium
Positive,I like it kanta nI like it,7,0.0,0.1429,0.1429,0.8571,0.2857,False,medium
Positive,Guru sure news nanu tik tok dawn lod madeda yavaga nama nDudu tindu nama dashda mala uddha madaka bandro avaga deleted,21,0.0,0.7619,0.7619,0.2381,0.4762,False,medium
Negative,Heliro prati ondu point super brooo adrallu yaro obba yallo eno agidakke tiktok ban madavre anta helidnalla avnige saryagi uttara kottidira super nivu,23,0.0,0.8182,0.8182,0.1818,0.3636,False,medium
Positive,Super sir..nanantu adella dwnld kuda madirlilla...420china,6,0.0,0.8,0.8,0.2,0.4,False,medium
Negative,Bro tiktok ban bagge bejar agiro nayi galige innu mut nodkollo hage roast madu bro plzz...aa lofar nayi galige nam desha kinta ade bekagide nayigalige...,25,0.0,0.7826,0.7826,0.2174,0.4348,False,medium
Negative,Dinadalli 18 gante malgonige kelsa yar kottru guru ..? Contact info idya?,12,0.0,0.7778,0.7778,0.2222,0.4444,False,medium
Positive,E tara film ge ella kaitaididdu.... Welcooome..... Item song iro,10,0.0,0.1429,0.1429,0.8571,0.2857,False,medium
Negative,Tik tok beku anthideralla kelobbru nim antha thale edukaru bere yaru ella namma arthikathe nela kachhisida country ge nimma support alva nijvada shathrugalu avr alla nam ollgadey ero nivu...,29,0.0,0.7857,0.7857,0.2143,0.4286,False,medium
Positive,Sakath guru....  Avan amman innu rost madri broooo nAvarella nam INDIA  dalle erbardu hag rost madri..  Guru,17,0.0,0.75,0.75,0.25,0.5,False,medium
Positive,Heege innu chennaga bairi e chena nanmaklige App Ban madidd olled aytu hage avru kade tariskollo 3000 things stop madbeku aga buddi barutt avrge,24,0.0,0.8571,0.8571,0.1429,0.2857,False,medium
Negative,Bro avarage ennu ugi sattiro yodrali avara gadano magano edidre e mathu helatiralila yaaro gand yaarado makkalu  e naayigalage yena alvaa tu prati yodanu Namma ge Anna tamma avara Namma vastu tilakori naayigalaa,33,0.0,0.8667,0.8667,0.1333,0.2667,False,medium
Negative,Mast aitu tik tok ban maadi evella odo du bare yodu bittu bari tirpe shoki maadi nandu istu talent ankotir wa yalla dabba nan maklige Sari yaagi paata kalisi dange aitu. Study bage awrige Care idde iddilla iga nodona yestu awar talent anta. Taawe tik tok maadi tammanne brilliant anta tilkoluwara Talente,52,0.0,0.8298,0.8298,0.1702,0.3404,False,medium
Positive,Jai hind  guru  nimge  ondu     super  agi madidira   Hinta  nanna makkalige nanna  deshada bagge enu gottu Avarige   tiktok Alla nale  avaru  sattu  hogtare alva   tiktok nu baralla tamte hodiyakke  Janru baralla   adannu  tiktok madkondu  Aram agirli anta  tiktok madi kalastare nanna makligennnAll videos  super  guru  nim no send madi,49,0.0,0.7674,0.7674,0.2326,0.4651,False,medium
Negative,Dboss thara ivnu jana galisoke.. dodda dodda dialogue bidalla media munde rakshit na avnge holisbedi,15,0.0,0.7333,0.7333,0.2667,0.5333,False,medium
Positive,@10 R yaar fan adhru agli.. thandhido buddhi yake.. ivaga yela kfi kade nodtha idhare.. kachada galu heeg madthare.. d boss yavathu yelarnu encourage madthare,25,0.0,0.7917,0.7917,0.2083,0.4167,False,medium
Negative,@Nandi Parthasarathi gaandu Sule magne hogi bucket du gaygf nodu adu bittu illi dboss annnabeda cheeti kalla fan,18,0.0,0.8667,0.8667,0.1333,0.2667,False,medium
Negative,@Nandi Parthasarathienu nan amman akkan andidina thu nina modlu nind nodko nan innu odta idini shoki mado yava necessity nu illa nange....nim appa amma na baydu nan en madli....nKelsa madtini antidya taleli buddi idya en ide 🤣nDarshan bagr helak nen yavanu,41,0.0,0.7632,0.7632,0.2368,0.4737,False,medium
Negative,@TROLL MONSTER_KANNADA nDagar fan modalu tilakonda matado gubal.....nYaramunde aadre ee tara heludre metteli hoditara pa......,15,0.0,0.75,0.75,0.25,0.5,False,medium
Negative,@Prithvi Vishwanath guruve nav #DBoss fans kannada songs nodoku modle like madovru sumne thika yella matadbedi.,16,0.0,0.7333,0.7333,0.2667,0.5333,False,medium
Negative,@Nandi Parthasarathi hogo sulemgne urkondu barbeda illi ninna akkna keya wait for Roberrt,13,0.0,0.8182,0.8182,0.1818,0.3636,False,medium
Negative,igun kaldalli 60 years badkodhe kasta 5000 varsa irtara yakro janara inocentna use madkotira,14,0.0,0.8333,0.8333,0.1667,0.3333,False,medium
Positive,Nijawaglu  mai romanchana aaguvantaha video  idu  nija  irabahudu,8,0.0,0.75,0.75,0.25,0.5,False,medium
Positive,Guru super guru ninu,4,0.0,0.25,0.25,0.75,0.5,False,medium
Positive,Chinna app Delete madi pla,5,0.0,0.75,0.75,0.25,0.5,False,medium
Negative,Nanu eduvaregu tik tok app install kuda madilla nan phone alli. Bro ede tara videos madi tik tok alli saitirorna ennomme tik tok hesar keladre bhaya padbeku aaa tara rost madi bro,32,0.0,0.7333,0.7333,0.2667,0.5333,False,medium
Positive,Superb guru...hogiri makke tiktok ishta padorige,6,0.0,0.8,0.8,0.2,0.4,False,medium
