label,text,n_tokens,kannada_script_pct,romanized_kannada_pct,kannada_language_pct,english_pct,effective_score,low_confidence,bucket
Positive,Guru en helde guru suuuuper nE China deshdorge huttiro Nan maklu nodire jamun juice agigirutte pakka guru nin voice dialogue keltidre keltane irbeku anstide guru ..... But suuuuuuuuuper,28,0.0,0.6364,0.6364,0.3636,0.7273,False,high
Negative,OLA marma? leay thu OLA na promote maadoke isht dodd message haktyeno? D boooos fans na nodi kalthko.....avrella huttidaagle amman akkan antha pure kannada words kalthu bandirodu......,27,0.0,0.5217,0.5217,0.4783,0.9565,False,high
Positive,Pakka 100 days movie  edu.,5,0.0,0.5,0.5,0.5,1.0,False,high
Mixed feelings,A Anna car gema yavadu,5,0.0,0.5,0.5,0.5,1.0,False,high
Positive,Sir nimma voice nalli power ede,6,0.0,0.5,0.5,0.5,1.0,False,high
Mixed feelings,Narayana song nodi bandavaru like Madi,6,0.0,0.6,0.6,0.4,0.8,False,high
Negative,@Nandi Parthasarathi ನಿನ್ ತುಲ್ಲ್ ನೋಡ್ಬೇಕ್ ನಾನು plz send ur address,10,0.4444,0.1111,0.5556,0.4444,0.8889,False,high
Mixed feelings,Guru idu yav movie remake alla sumne gotthilde yak helthira,10,0.0,0.6,0.6,0.4,0.8,False,high
Positive,Super guru est chennagi arta madisidira,6,0.0,0.5,0.5,0.5,1.0,False,high
Mixed feelings,yarappa ee hadannu dislike madiddu !!! mostly Rashmika 1.1k sarthi dislike maadirbeku ha ha ha ha,16,0.0,0.4615,0.4615,0.5385,0.9231,False,high
Positive,@#win 12  sir dia movie super..rumba feel aythu sir.movie nodi.yake entahaha  movie nodi naam janane  belstila..,16,0.0,0.6667,0.6667,0.3333,0.6667,False,high
Positive,Song hosa tara feel kodute,5,0.0,0.4,0.4,0.6,0.8,False,high
Negative,Bari prayojanake barada films nododu Facebook YouTube li comments hodiyodu...yaavalo hudugi siktale anta instagram li search madodo ede Indians hanebaraha dhesha uddara hada hage ayyo,25,0.0,0.6818,0.6818,0.3182,0.6364,False,high
Positive,Abbbbaa super tik tok ban ayithu,6,0.0,0.6,0.6,0.4,0.8,False,high
Positive,idu charithre srishtisuva comment guru..,5,0.0,0.6,0.6,0.4,0.8,False,high
Positive,Guru China rajakiya vyavaste bagge video madi,7,0.0,0.6667,0.6667,0.3333,0.6667,False,high
Negative,Sir solla video time kadime madi,6,0.0,0.5,0.5,0.5,1.0,False,high
Positive,@Creative Kannadiga haa bro...nange seetara ista ...avl videos roast maadbedi plzzz,11,0.0,0.5714,0.5714,0.4286,0.8571,False,high
Positive,Movie releaseagli guru,3,0.0,0.3333,0.3333,0.6667,0.6667,True,high
Positive,Wow nice yavaglu keltane irbeku ansutte song,7,0.0,0.5714,0.5714,0.4286,0.8571,False,high
Positive,Superbb movie osm evthu movie nodied super,7,0.0,0.5714,0.5714,0.4286,0.8571,False,high
Negative,@d boss mania Nanag gottu bido childnnPailwaan flop,8,0.0,0.4286,0.4286,0.5714,0.8571,False,high
Positive,Super bro naanu Tik Tok maadtidde aadre adenu nam desha kintluu hechenalla namge nam desh beku adke yella chinaa apps na in install maadidini,24,0.0,0.6364,0.6364,0.3636,0.7273,False,high
Positive,Creative kannadiga ur super  n tiktok  users ge nive correct,10,0.0,0.3,0.3,0.7,0.6,False,high
Positive,Tamate song matra amazing.,4,0.0,0.5,0.5,0.5,1.0,False,high
Negative,Yavdadru habba raja Dina dalli release madbekitttu odtittu ..,9,0.0,0.6667,0.6667,0.3333,0.6667,False,high
Mixed feelings,Edu yav game sir..,4,0.0,0.5,0.5,0.5,1.0,False,high
Positive,last nalli spoon na eseyodu  pakka kudure krishna (rishabshetty sir),10,0.0,0.5,0.5,0.5,1.0,False,high
Positive,Song super agi edey,4,0.0,0.5,0.5,0.5,1.0,False,high
Negative,Yar guru evlu chaina hudgi naa indian aa gothilla,9,0.0,0.6667,0.6667,0.3333,0.6667,False,high
Negative,Ee news reporters sutti balasi information helodanna dayamadi badalayisikolli,9,0.0,0.6667,0.6667,0.3333,0.6667,False,high
Positive,Namma Huduga super agi madavnne super darlings,7,0.0,0.5,0.5,0.5,1.0,False,high
Positive,Full news jaldi bidri,4,0.0,0.5,0.5,0.5,1.0,False,high
Negative,Nija helbekandre ee song yako sync aagtilla movie trailer type ge....,11,0.0,0.5,0.5,0.5,1.0,False,high
Negative,@TROLL MONSTER_KANNADA nin Amman sule maga me Yello majestic Alli,10,0.0,0.5,0.5,0.5,1.0,False,high
Positive,ಚಿಂದಿ movie ಗುರು,3,0.6667,0.0,0.6667,0.3333,0.6667,True,high
Positive,ಬೆಂಕಿಗೇ ಇನೊಂದು ಅರ್ಥ RAKSHIT ಶೆಟ್ಟಿ..simple star alla fire star,9,0.5,0.125,0.625,0.375,0.75,False,high
Positive,Crazy Song one more dance number............nSonge ee rangege ide andre innu movie kelbeka......,13,0.0,0.3,0.3,0.7,0.6,False,high
Negative,@Troll Stupid Fans dagar yaru nin Amma na,8,0.0,0.6,0.6,0.4,0.8,False,high
Negative,Bladey piracy madidara yallaru Alli node status hakidara movie yalli theatre alli yar nodatara first telegram ban madabaku,18,0.0,0.5294,0.5294,0.4706,0.9412,False,high
Positive,Yalla hero fans e movie naa support madtini annoru like madi,11,0.0,0.4545,0.4545,0.5455,0.9091,False,high
Mixed feelings,Yake Rajkumar families help madilla evrge,6,0.0,0.6,0.6,0.4,0.8,False,high
Positive,Kannadadha hesaralli and film ge devara hesaru Etti duddu maadodhu Kannada industry endha kalibdku. Kannada industry Alle athyantha ketta film Andre adhu edhe film.bt theatre alli malkoloke olle film,29,0.0,0.6667,0.6667,0.3333,0.6667,False,high
Mixed feelings,Sorry sir nim yella video nan nodidini yeno manku badidu nodona hantha download madidde e video nodi delete madidini sir thanks,21,0.0,0.5238,0.5238,0.4762,0.9524,False,high
Positive,Entha valle    trailer  ri   edu   great nKelhu   kachda   galu n  intha   prathibe galu   karnataka dalidru   n dudina aase ge   low   quality   movie  madi  nkannada andre   jana  intrest thoris  bardu   naa  thara   aprada   madthidare,33,0.0,0.6667,0.6667,0.3333,0.6667,False,high
Positive,Tik tok ban I'm full Full Happ bro ..hage pubg nu ban hagbittre Nana kushige paarave illa,17,0.0,0.6154,0.6154,0.3846,0.7692,False,high
Positive,E film baari ede ante guru nodle beku,8,0.0,0.5,0.5,0.5,1.0,False,high
Positive,Best song super nam boss movie e sala havli namde,10,0.0,0.3,0.3,0.7,0.6,False,high
Positive,Nim song antu super 🤝,5,0.0,0.5,0.5,0.5,1.0,False,high
Positive,Abaa yen song guruu.... Fabulous bgm hollywood range le ayte guru,11,0.0,0.3333,0.3333,0.6667,0.6667,False,high
Positive,Super bro benki,3,0.0,0.3333,0.3333,0.6667,0.6667,True,high
Positive,Nan yavathu youtube video na like kuda madila but comment madidini so.....,12,0.0,0.3636,0.3636,0.6364,0.7273,False,high
Positive,Anna thamma janpada super,4,0.0,0.5,0.5,0.5,1.0,False,high
Positive,En chindi bgm guru sakkath....Jai ASN... from Appu abhimani,9,0.0,0.6667,0.6667,0.3333,0.6667,False,high
Negative,Telegram olag ella sigtirbekadre jana yak theotor ge hogtar heli.. Actully edu big mistek,14,0.0,0.5385,0.5385,0.4615,0.9231,False,high
Positive,Hundred persent true guruuu,4,0.0,0.3333,0.3333,0.6667,0.6667,True,high
Mixed feelings,Mr naveen raj Yenu nim Uddesha??n Nanu D BOSS Fan,10,0.0,0.6,0.6,0.4,0.8,False,high
Mixed feelings,devare devare devare devare shivane tandheye appane nivu super super duper mind blowing hero forever forever,16,0.0,0.5625,0.5625,0.4375,0.875,False,high
Positive,Sir nimna devru yavaglu chenagottirli sir,6,0.0,0.6667,0.6667,0.3333,0.6667,False,high
Negative,basava basavaraj mind your words. Maathina mele niga irli.,9,0.0,0.625,0.625,0.375,0.75,False,high
Negative,First adu yava app anta tilkolo g m n,9,0.0,0.4444,0.4444,0.5556,0.8889,False,high
Negative,Namma janagalige taste illa avrige fighting,6,0.0,0.6667,0.6667,0.3333,0.6667,False,high
Negative,Intha olle video nu dislike madiroru yentha kachada nanmaklirbeku🤦🤦🤦🤦,9,0.0,0.625,0.625,0.375,0.75,False,high
Positive,My favourite song edu steps super,6,0.0,0.3333,0.3333,0.6667,0.6667,False,high
Positive,Estu sari nodudru samadhana aagthilla.... Awesome song,7,0.0,0.6,0.6,0.4,0.8,False,high
Positive,Thank you sar,3,0.0,0.3333,0.3333,0.6667,0.6667,True,high
Positive,how u told ?nivu heg heltiya bro,7,0.0,0.4286,0.4286,0.5714,0.8571,False,high
Positive,Re realise maadenName change maade,5,0.0,0.6,0.6,0.4,0.8,False,high
Positive,@Mithun KUDLA Kannadadalli nodi... Kannada version views jaasti maadi...,9,0.0,0.5,0.5,0.5,1.0,False,high
Positive,Tumba kushi aythu e video nodi..devru nimmanna chennage edli sir..,10,0.0,0.7,0.7,0.3,0.6,False,high
Positive,Nan tik tok account ne delete madi uninstall madidhini bro..,10,0.0,0.4,0.4,0.6,0.8,False,high
Mixed feelings,DIYA a awesome film... jana barodakke idraddu prachara swalpa kammi aythu annisthide..istu olle movie ge jana baralla andre bere reason yenide..kelavu films olledildidru kaali pracharadindle hit agatthe.,27,0.0,0.6154,0.6154,0.3846,0.7692,False,high
Positive,Nivu. Helodu sari china app ban agalebeku,7,0.0,0.3333,0.3333,0.6667,0.6667,False,high
Positive,Swabhimani Shankar Ashwath avru elrigu maadari... U r great sir,10,0.0,0.4286,0.4286,0.5714,0.8571,False,high
Positive,KGF chaffer 2 beda bare baku,6,0.0,0.6,0.6,0.4,0.8,False,high
Negative,Alok Khr Nikhil Annan acting ge kodtare,7,0.0,0.5,0.5,0.5,1.0,False,high
Positive,Asn film nodoru like maadi,5,0.0,0.6,0.6,0.4,0.8,False,high
Positive,All the BEST SANDALWOODಒಡೆಯಾ ಡೀ ಬಾಸ್ ಫ್ಯಾನ್ಸ್,7,0.6667,0.0,0.6667,0.3333,0.6667,False,high
Positive,love you shankar sir ........namage neevu beku sir !!! matte neevu nammanna manaranjane maadi neevu illade iro kannada cinema naanu nodalla sir .....,23,0.0,0.6,0.6,0.4,0.8,False,high
Positive,@Nature  You tube ಕನ್ನಡದಲ್ಲಿ ಹೇಳಬೇಕೆಂದರೆ - ನೀನು ಕೊಳವೆ .....🤣🤣,9,0.6667,0.0,0.6667,0.3333,0.6667,False,high
Positive,Nin super guru,3,0.0,0.3333,0.3333,0.6667,0.6667,True,high
Mixed feelings,ನೋಡ್ತಾ ಹೋದ್ರೆ ಸಾವಿರಾರು lyrical video ಗಳು,6,0.6667,0.0,0.6667,0.3333,0.6667,False,high
Mixed feelings,Sir nimm number Kodi  2 minit matadabeku,7,0.0,0.6,0.6,0.4,0.8,False,high
Negative,Bindu gowda ge sariyyagi batthi itree sir ..super sir neevu,10,0.0,0.6,0.6,0.4,0.8,False,high
Negative,@Troll Stupid Fans war ge antha bandre nimmakkan minda naanu samskrutha innu start madilla ninge beku andre helu start madona,20,0.0,0.6667,0.6667,0.3333,0.6667,False,high
Positive,Kannada always no.1 agirbeku kannada belsi ulsi esta agli esta ellade edru plz like madi dislike madbedi kannadadavre dislike madidre hege yar fan adre enu kannada belsokr,27,0.0,0.6538,0.6538,0.3462,0.6923,False,high
Negative,@*V C R* guru edunna modlu bale fansge helu avru start madidare nau end madthivi,15,0.0,0.5714,0.5714,0.4286,0.8571,False,high
Negative,Likes goskara yaakro prathi video nallu d boss fans,9,0.0,0.4444,0.4444,0.5556,0.8889,False,high
Positive,Eatra film nana life nale nodella sir super different director,10,0.0,0.4,0.4,0.6,0.8,False,high
Negative,Sir mate communist best antiria nDemocracy li rajakarnigalu kithadtare,9,0.0,0.4444,0.4444,0.5556,0.8889,False,high
Negative,Nijwaglu neewe crt agii promotion madila,6,0.0,0.6667,0.6667,0.3333,0.6667,False,high
Positive,January Alli song keloru like madi,6,0.0,0.4,0.4,0.6,0.8,False,high
Positive,Kerala antha helbedi bro. Adu kuda jathi na nodutte. Agi hechagi nodutte nan sutta muttalina example nalli heltha idini... I have many Malli frnds so,25,0.0,0.619,0.619,0.381,0.7619,False,high
Negative,Dislike madidoru rashmika mandanna fans irbodu,6,0.0,0.6667,0.6667,0.3333,0.6667,False,high
Negative,Bosdike nimmappa sattaga ninu mosale kanniruhaktiyo..I'll a shocky madtiyo no do na madarchod.,13,0.0,0.6923,0.6923,0.3077,0.6154,False,high
Negative,YouTube nali upload agiroduna modhlu delete madsii,7,0.0,0.5714,0.5714,0.4286,0.8571,False,high
Positive,Kannada industry nintirode Yash,4,0.0,0.3333,0.3333,0.6667,0.6667,True,high
Positive,sir in Mamata kotigobba,4,0.0,0.3333,0.3333,0.6667,0.6667,True,high
Negative,Promotion kammi aytu bro,4,0.0,0.5,0.5,0.5,1.0,False,high
Negative,Sir kfi ha kochkondu ogtayda.,5,0.0,0.6,0.6,0.4,0.8,False,high
Mixed feelings,ಹತ್ತು ವರ್ಷ strict  president rule ಬರಬೇಕು.,6,0.5,0.0,0.5,0.5,1.0,False,high
Positive,Hats off bro  ಕರೆಕ್ಟಾಗಿ ಹೇಳಿದ್ದೀರ ಬ್ರೋ,6,0.5,0.0,0.5,0.5,1.0,False,high
Mixed feelings,Nan nimm movie na theatre alle nodtini ...,8,0.0,0.4286,0.4286,0.5714,0.8571,False,high
Positive,Super vice kanree nimdu,4,0.0,0.5,0.5,0.5,1.0,False,high
Mixed feelings,Ond ond film ge koti koti togotira.. ellide sir nim manaviyate.. help maadi sir evrige.. samanyadavru alla evru ashwath avr maga. Kannada industry ge hemmeya actor kanri.. punith sir neeve barbeku.. shivanna.. neevadru help maadi. Esht movie li Nim Appa ji avrge appa'n role madiddu evra appa'avr. Marebedi sir,49,0.0,0.6818,0.6818,0.3182,0.6364,False,high
Positive,Idanna odidre nimdu kuda love marriage anta namg ansta ide,10,0.0,0.7,0.7,0.3,0.6,False,high
Mixed feelings,First  song kelide,3,0.0,0.3333,0.3333,0.6667,0.6667,True,high
Positive,Super bro yalka  Tik Tok stars full rost,8,0.0,0.3333,0.3333,0.6667,0.6667,False,high
Negative,@Rohit Gangatkar guru ninge gotagalla sumne eru bale pans start madidare nau end madthivi e mathna thuldeepannan  pansgu helu modlu,20,0.0,0.6842,0.6842,0.3158,0.6316,False,high
Positive,@Thilak Kumar  e ondu mathu    saku bro    Kannada   industry ge support,11,0.0,0.4444,0.4444,0.5556,0.8889,False,high
Positive,appu boss fans nlike madi,5,0.0,0.6,0.6,0.4,0.8,False,high
Negative,Dis like madirorige shradaanjali,4,0.0,0.5,0.5,0.5,1.0,False,high
Mixed feelings,Yena editing guru,3,0.0,0.3333,0.3333,0.6667,0.6667,True,high
Mixed feelings,Entha promotion illa hindi realise agutta annode doubt,8,0.0,0.625,0.625,0.375,0.75,False,high
Positive,Super agi roast madidiya guru.,5,0.0,0.4,0.4,0.6,0.8,False,high
Negative,idu beku guru china soole maklige innu kodu guru superrrr  guru,11,0.0,0.6,0.6,0.4,0.8,False,high
Positive,Thanks sir kayakve kailasa ja basva,6,0.0,0.6667,0.6667,0.3333,0.6667,False,high
Positive,sir nem no kodie plz plz,6,0.0,0.3333,0.3333,0.6667,0.6667,False,high
Positive,Barli guru innondu video sakaglilla begaaaaaaaaaaa....,6,0.0,0.6,0.6,0.4,0.8,False,high
Positive,Cinema super aagide,3,0.0,0.3333,0.3333,0.6667,0.6667,True,high
Positive,Nice dialogue nan ondhu Sari sathidini enondu sala sayalla,9,0.0,0.625,0.625,0.375,0.75,False,high
Positive,Kannada intha Telugu Alli song Chang idhe,7,0.0,0.5,0.5,0.5,1.0,False,high
Negative,Nice sir.but message madidre reply madalla tavu yella dove,9,0.0,0.5556,0.5556,0.4444,0.8889,False,high
Positive,Bgm super ide ಶೆಟ್ರೇ,4,0.25,0.25,0.5,0.5,1.0,False,high
Positive,Anna nivu comedy agi madila Andru yene madidru entertaining agi eruthe  keep rocking,13,0.0,0.5833,0.5833,0.4167,0.8333,False,high
Positive,15 days inda bari dia movie status akthaedini bro awesome movie bro,12,0.0,0.3636,0.3636,0.6364,0.7273,False,high
Positive,Gun mele hands up Anta bardide yelli Anta Heli nodona,10,0.0,0.5714,0.5714,0.4286,0.8571,False,high
Negative,Dislike madiroru kgf fans ..,5,0.0,0.5,0.5,0.5,1.0,False,high
Mixed feelings,Nim movie scene Evaga viral aagidhe anna,7,0.0,0.3333,0.3333,0.6667,0.6667,False,high
Positive,ನಿಮ್ಮಗೆ ಇಷ್ಟ ಆಗಿದ್ರೆ ಸೂಪರ್  bgm ಅನಿಸಿದರೆ .like ಮಾಡಿ share . ಕನ್ನಡ industries  power ತೋರಿಸೋಣ್ಣ,14,0.6154,0.0769,0.6923,0.3077,0.6154,False,high
Negative,Delete hadru nanu downloade made,5,0.0,0.6,0.6,0.4,0.8,False,high
Negative,@ಕಿಚ್ಚನ ಹಾವಳಿ o reviews chennagiddru movie odlilla yakkapa other lamguagalli,10,0.2,0.4,0.6,0.4,0.8,False,high
Mixed feelings,Anna game yavudu anna adu,5,0.0,0.4,0.4,0.6,0.8,False,high
Positive,great hattsoff sir tandege takka maga,6,0.0,0.6667,0.6667,0.3333,0.6667,False,high
Mixed feelings,Yelru onde hindu Muslim anta dived madbedi,7,0.0,0.6667,0.6667,0.3333,0.6667,False,high
Positive,Film re realise madi,4,0.0,0.5,0.5,0.5,1.0,False,high
Positive,Film suprrrrrr agi ede full clean film,7,0.0,0.3333,0.3333,0.6667,0.6667,False,high
Negative,Super gelaya a nan sulege magalu chinadorage hutidale,8,0.0,0.625,0.625,0.375,0.75,False,high
Negative,Hello dr. Vivek bindra video copy madidra? Never mind copy adru channagittu,12,0.0,0.4,0.4,0.6,0.8,False,high
Positive,Super agi helidiya guru,4,0.0,0.5,0.5,0.5,1.0,False,high
Positive,togar I tippana super,4,0.0,0.5,0.5,0.5,1.0,False,high
Positive,Anna nanu dhevara hathra kellkonthini   E movie success kandu   nimma cini journey yalli life turning movie aglli antha ....GUD LUCK BRO ...JAI HANUMAN   SUPPORT FROM D BOSS ABIMAANI,28,0.0,0.5263,0.5263,0.4737,0.9474,False,high
Positive,Kannada indusrty ivag ivaga improve agtaide annovru like madi..,9,0.0,0.6667,0.6667,0.3333,0.6667,False,high
Negative,Powerful music irbekittu annoru like madi,6,0.0,0.5,0.5,0.5,1.0,False,high
Positive,Super bro nim vioce ale ede desha Prema full enjoy video super,12,0.0,0.3636,0.3636,0.6364,0.7273,False,high
Positive,Guru big fan agbitte nin logic nodi,7,0.0,0.4286,0.4286,0.5714,0.8571,False,high
Mixed feelings,Sir e Corona effect mugidmele rerelease maadakaagalva,7,0.0,0.5,0.5,0.5,1.0,False,high
Positive,D Boss support idre sinima gellutte no doubt,8,0.0,0.4286,0.4286,0.5714,0.8571,False,high
Positive,Sir albede life enjoy madbedi Mahabharata odi,7,0.0,0.5,0.5,0.5,1.0,False,high
Positive,Dynamic Prince is back nಕಂಟೆಂಟ್ ಇರೋ ಮೂವಿನ ಕನ್ನಡಿಗರು ಯಾವತ್ತೂ ಕೈ ಬಿಟ್ಟಿಲ್ಲ,11,0.7,0.0,0.7,0.3,0.6,False,high
Negative,@Poojari Avinash bere language movies na beggers thara nodo kachda janagal irovargu Kannada movies ge bele iralla bro,18,0.0,0.625,0.625,0.375,0.75,False,high
Positive,Nange e dia movie est ista agide Andre adu kevala word inda helok agalla,14,0.0,0.6923,0.6923,0.3077,0.6154,False,high
Positive,Ondu olle movie na theater nalli nodoke miss maadkonde......,9,0.0,0.5,0.5,0.5,1.0,False,high
Positive,Correct agi helde guru.. adashtu ellakade share madi,8,0.0,0.625,0.625,0.375,0.75,False,high
Positive,Thankz bro troll alla bro Roast,6,0.0,0.4,0.4,0.6,0.8,False,high
Positive,Kshamisi sir nanu tumba miss madkonde,6,0.0,0.6667,0.6667,0.3333,0.6667,False,high
Positive,nim songs super,3,0.0,0.3333,0.3333,0.6667,0.6667,True,high
Positive,ಕಿಚ್ಚನ ಹುಡುಗ್ರು ವತಿಯಿಂದ  all the best,6,0.5,0.0,0.5,0.5,1.0,False,high
Negative,@ᴍᴏᴠɪᴇs sᴛᴜᴅɪᴏ yen bekaadru baiko....naan yaav hero blind fan alla.... nin thara....,12,0.0,0.3333,0.3333,0.6667,0.6667,False,high
Positive,Super brother nev heledu estondu visaya ede anta gotedella super nem fan bro nan,14,0.0,0.5,0.5,0.5,1.0,False,high
Negative,Waste of tym tiktok ban madbidbek,6,0.0,0.5,0.5,0.5,1.0,False,high
Positive,I like super guru edu edu video andare,8,0.0,0.375,0.375,0.625,0.75,False,high
Negative,Tamil remake nan sigapu manithan,5,0.0,0.4,0.4,0.6,0.8,False,high
Positive,Yabbbaaa nijavglu nan anirud acting ge fan gbitttee.. Awsm..,9,0.0,0.3333,0.3333,0.6667,0.6667,False,high
Negative,Song likers 119k and Rakshit Shetty nodi urkoloru (unlikers) 1.7,10,0.0,0.6667,0.6667,0.3333,0.6667,False,high
Mixed feelings,nim taste gottaythu.. nthaavu dandupalya-5 ge wait maadta idiri alva,10,0.0,0.5556,0.5556,0.4444,0.8889,False,high
Positive,Tik tok almadidu aythu innu instagram alva anna nam support ede anna,12,0.0,0.5,0.5,0.5,1.0,False,high
Positive,Enta song guru idu super,5,0.0,0.4,0.4,0.6,0.8,False,high
Negative,@Nagaraj Manjithaya bro parabhase Alla film chennagirod nodtare Ashte,9,0.0,0.6667,0.6667,0.3333,0.6667,False,high
Positive,We support definitely to this film to increase the value of our  sandalwood * the power of kannada movie*  ( ಇದನ್ನು ಇಂಗ್ಲಿಷ್ ನಲ್ಲಿ ಬರ್ದಿರೋದು ಬೇರೆಯವರಿಗೂ ತಿಳಿಯಲಿ ಎಂದು ಒಳ್ಳೆಯ ಸಿನಿಮಾಗಳಿಗೆ ಸಪೋರ್ಟ್ ಮಾಡೋಣ),31,0.3793,0.0,0.3793,0.6207,0.7586,False,high
Negative,Tick tock Matti pub g arorna dayvittu India border of India...lAC ge kalisikodi,13,0.0,0.4,0.4,0.6,0.8,False,high
Positive,Eeno problem ide nimge.... Hangella eeneno ansbardu.... Song 1st time ee crazy ide,13,0.0,0.375,0.375,0.625,0.75,False,high
Positive,Namma deshanu china thara aitu andre  badatanane erala sir..,9,0.0,0.6667,0.6667,0.3333,0.6667,False,high
Negative,Dum andhre star hero galu tageyuva build up movie taraha irbekaagitta,11,0.0,0.5455,0.5455,0.4545,0.9091,False,high
Negative,Tiktok sule makkla papa thumbs hurt agidri sadee nan gandu galuu,11,0.0,0.6364,0.6364,0.3636,0.7273,False,high
Negative,Le gandunTikamucchunnEe Tara worst song nin kayalli madakke agutta,9,0.0,0.625,0.625,0.375,0.75,False,high
Mixed feelings,Ban maadirodakke tumba thanks matte ee tara aap barde irali,10,0.0,0.6,0.6,0.4,0.8,False,high
Positive,Yes bro tiktok ban agbeku.,5,0.0,0.4,0.4,0.6,0.8,False,high
Positive,Plz chance kodi nodi avar acting,6,0.0,0.5,0.5,0.5,1.0,False,high
Positive,Dia is wonderful movie. Innu ee fimina hangover alle idini. Idu highest  IMDB rated kannada movie  9.4,17,0.0,0.3846,0.3846,0.6154,0.7692,False,high
Positive,Trailer ee rangeide ina filmnAwesome man,6,0.0,0.5,0.5,0.5,1.0,False,high
Mixed feelings,hi chandra kanth.. UK andre kelvu shettys ge ulidavaru kandante film antha sudden aagi gottagalla.. UK,16,0.0,0.5714,0.5714,0.4286,0.8571,False,high
Positive,En sir lyrics. Superb,4,0.0,0.3333,0.3333,0.6667,0.6667,True,high
Mixed feelings,lo thagari thippa suppr kano,5,0.0,0.6,0.6,0.4,0.8,False,high
Positive,Bro na tiktok use madath idila but ivga tiktok installed madi  single star rating kotu uninstall madini,17,0.0,0.4706,0.4706,0.5294,0.9412,False,high
Positive,Anna song Super agi helidira sakath agi ide songdabbaaaaa Tiktok,10,0.0,0.5714,0.5714,0.4286,0.8571,False,high
Mixed feelings,Binduge saryagi ugithidira good go ahead  we are enjoying well,10,0.0,0.3,0.3,0.7,0.6,False,high
Mixed feelings,bere language comment madbedro huligala,5,0.0,0.6,0.6,0.4,0.8,False,high
Positive,Nija super......... Movie please re release maadi,7,0.0,0.4,0.4,0.6,0.8,False,high
Positive,Sir neev adthidda game yavdu,5,0.0,0.6,0.6,0.4,0.8,False,high
Positive,ನನ್ನ ಕಣ್ಣಂಚ್ಚಲಿ ನೀರು ಬಂತು..Sir ur great,6,0.6667,0.0,0.6667,0.3333,0.6667,False,high
Positive,Hands up anta kottaddu yella language li onde title irli anta...yar opputtiri  illi like madi...,15,0.0,0.5385,0.5385,0.4615,0.9231,False,high
Positive,ಕಿಚ್ಚ ಸುದೀಪ್ ಅಭಿಮಾನಿಗಳು ವತಿಯಿಂದ  All the best,7,0.6667,0.0,0.6667,0.3333,0.6667,False,high
Positive,Super movie dai,3,0.0,0.3333,0.3333,0.6667,0.6667,True,high
Negative,Avatttu tiger dancenIvattu handsup step,5,0.0,0.5,0.5,0.5,1.0,False,high
Negative,I feel jasti bitta kottri... Bari  lyrical video sakagittu,9,0.0,0.4286,0.4286,0.5714,0.8571,False,high
Mixed feelings,Sir social media bittu horgade thumba publicity beku dayavitu madi,10,0.0,0.6,0.6,0.4,0.8,False,high
Negative,Sari nivu video na roast madi adre madvaga pubg atava free fire games hakondo madbedi a games kooda Chinese,19,0.0,0.5,0.5,0.5,1.0,False,high
Negative,Gali matina tune best,4,0.0,0.5,0.5,0.5,1.0,False,high
Negative,Bro super video bro... Eglaaaa adru buddhi barli namm e janagaligi,11,0.0,0.5556,0.5556,0.4444,0.8889,False,high
Negative,Nin prakhara yavdu hit movie in 2019.,7,0.0,0.5,0.5,0.5,1.0,False,high
Negative,@Nandi Parthasarathi adu oscar ascar alla..🤣 graphics ge pakka oscar kodtare🤣,11,0.0,0.6,0.6,0.4,0.8,False,high
Mixed feelings,Yava game name,3,0.0,0.3333,0.3333,0.6667,0.6667,True,high
Positive,Super guru hinmele  nanu nimmn Abimani guru,7,0.0,0.5,0.5,0.5,1.0,False,high
Negative,Dana alla ok,3,0.0,0.3333,0.3333,0.6667,0.6667,True,high
Positive,Movie chindi chitranna best movie ever,6,0.0,0.3333,0.3333,0.6667,0.6667,False,high
Positive,Super Boss idu actually bekagiddu ... tik tok madavruru sari yagi Thodineku,12,0.0,0.6667,0.6667,0.3333,0.6667,False,high
Negative,Song ge unlike kotiroo sulimakala,5,0.0,0.4,0.4,0.6,0.8,False,high
Positive,open song edde agirlli n super music  super stepn         Bharjari gidde SongnnNalle release movie All the best  God bless you nn Dhruva Sarja Abhimanigallindan  Jaiii Anjaneya,26,0.0,0.3333,0.3333,0.6667,0.6667,False,high
Positive,Next part madi,3,0.0,0.3333,0.3333,0.6667,0.6667,True,high
Positive,Extradnary talent from raksit setty e movie enadru Kannada industrige hosa sandesha kodutte annoru like madi,16,0.0,0.6667,0.6667,0.3333,0.6667,False,high
Positive,@Harshan Maddy  kannada kke  nimma importance idre kushi ne,9,0.0,0.625,0.625,0.375,0.75,False,high
Positive,super ತೊಗರಿ ತಿಪ್ಪ,3,0.6667,0.0,0.6667,0.3333,0.6667,True,high
Negative,Tuu avr sentiment na touch madi kaan neer haksi adana cover photo madi view tagotira,15,0.0,0.5333,0.5333,0.4667,0.9333,False,high
Negative,le kelly yak guru..yella kade negative agi matadtidiya...yaake...avr ella wish maadtidare aste...if u gonna watch its upto u...just dont trigger evrone at no reason...,24,0.0,0.35,0.35,0.65,0.7,False,high
Positive,niddeburak thumba ne strong iddane guru,6,0.0,0.5,0.5,0.5,1.0,False,high
Positive,Hats off to News channel .nಅದ್ಭುತವಾದ ವ್ಯಕ್ತಿಯನ್ನು ಪರಿಚಯಿಸಿದ್ದಕ್ಕೆ.,8,0.4286,0.0,0.4286,0.5714,0.8571,False,high
Negative,Lo gube don't compare anyone yellaru namma kannada super star,10,0.0,0.3,0.3,0.7,0.6,False,high
Mixed feelings,@Raja Vishnuvardhana yarge agli 1st respect kododu mukya,8,0.0,0.6667,0.6667,0.3333,0.6667,False,high
Negative,Bro nan phone thagandaginda nu aa galeej app install madilla.adre adu yavdo ragitu goditu antharalla (share it ) na delete mad de,22,0.0,0.381,0.381,0.619,0.7619,False,high
Negative,Kachada no 1 film...thu nim mukakke...taste ye illla...badkobeku.,8,0.0,0.5,0.5,0.5,1.0,False,high
Positive,D boss ಅಭಿಮಾನಿಗಳಿಂದ all the best ಸೂಪರ್ ಟ್ರೈಲರ್,8,0.375,0.0,0.375,0.625,0.75,False,high
Negative,Majestic alli mobile and money kaltana mado sule makla nodi kalthkoli shankar Sir na shankar ashwath Sir inspiration to all,20,0.0,0.5556,0.5556,0.4444,0.8889,False,high
Positive,All the best ಪ್ರಜ್ವಲ್ ದೇವರಾಜ್ avre.,6,0.3333,0.1667,0.5,0.5,1.0,False,high
Negative,Nangu tumba ase movie nodbekanta adre movie near by yellu illa.,11,0.0,0.6364,0.6364,0.3636,0.7273,False,high
Negative,Yenri sullu heltira fake fake fake fake fake,8,0.0,0.375,0.375,0.625,0.75,False,high
Positive,@Nandi Parthasarathi kurukshethra Hindi version relies madoke helu first dubbing madi yak waste madthira,14,0.0,0.5,0.5,0.5,1.0,False,high
Positive,Super Anna nija anna,4,0.0,0.3333,0.3333,0.6667,0.6667,True,high
Positive,Nice bro nanu yella Chinese app na delete madidinin,9,0.0,0.375,0.375,0.625,0.75,False,high
Positive,@Prasad Raj tulunad and kannada bashe meli abhimana super guru,10,0.0,0.5556,0.5556,0.4444,0.8889,False,high
Mixed feelings,Ur super sir..but ಒಂದ hit movi kodi sir navu adakoskara kaetidivi....,11,0.1,0.5,0.6,0.4,0.8,False,high
Negative,Ee  boli maklige deshakoskara1 app delete madakkaglilla,7,0.0,0.6667,0.6667,0.3333,0.6667,False,high
Positive,@Poojari Avinash pls nivelru movie na promote madi. Insta & fb alli promote madi,14,0.0,0.4545,0.4545,0.5455,0.9091,False,high
Negative,Yavano avnu sade nan maga tiktok eno kitthakide anthane.. Modlu tilkondu maathado... Bro next video aaa sade nan magan mele maadi...its  request plz bro.. And loved ur video,28,0.0,0.4545,0.4545,0.5455,0.9091,False,high
Positive,Shetru birthday party dina haadiro haadu aawaginindaa wait maadtide.....,9,0.0,0.5,0.5,0.5,1.0,False,high
Positive,ಇದು ಚರಿತ್ರೆ ಸೃಷ್ಟಿಸೂ ಕನ್ನಡದ ಸಿನಿಮಾ ಆಗುತ್ತೆ. ಆಲ್ ದ ಬೆಸ್ಟ್ from D boss fans.,13,0.6923,0.0,0.6923,0.3077,0.6154,False,high
Negative,Ellar mobile alli dia movie ide kanri  theatre ge jana yake barthare heli yake online alli leak aythu movie nOnline alli movie nosbodu andre jana  bidthara heli neeve,28,0.0,0.5714,0.5714,0.4286,0.8571,False,high
Positive,Ee song ond hava start madutee ansidrey like madi,9,0.0,0.6667,0.6667,0.3333,0.6667,False,high
Mixed feelings,@Vinay Kumar MS nin mane address kodu,7,0.0,0.6,0.6,0.4,0.8,False,high
Positive,Ade allu arjun songs 180 veiws ide adare nam songs 20 million saku bereyavarana belesidhu nav beleyona common kannadigas,19,0.0,0.6471,0.6471,0.3529,0.7059,False,high
Positive,javari tippa superb ri,4,0.0,0.5,0.5,0.5,1.0,False,high
Mixed feelings,Yava game name,3,0.0,0.3333,0.3333,0.6667,0.6667,True,high
Positive,Nivu great sir swabhimani sir Ella namma preethiya geleyaru hege yara,11,0.0,0.7,0.7,0.3,0.6,False,high
Positive,super ತೊಗರಿ ತಿಪ್ಪ,3,0.6667,0.0,0.6667,0.3333,0.6667,True,high
Negative,Why you only tik tok anno akka sumne erma ni,10,0.0,0.5,0.5,0.5,1.0,False,high
Negative,Chinndi guru ennu roast madu,5,0.0,0.6,0.6,0.4,0.8,False,high
Positive,Please ಇನ್ನೊಂದು ಸಾರಿ re release Maadi.,6,0.4,0.0,0.4,0.6,0.8,False,high
Positive,Previous video dalli sai Kumar diolauge,6,0.0,0.6,0.6,0.4,0.8,False,high
Negative,Bro good news tiktok ban bega thika hursi sonu s Gowda nagaysha bin** Gowda ge,15,0.0,0.4615,0.4615,0.5385,0.9231,False,high
Positive,Hela Kannada people please go and watch the movieee avana Sri man Narayana Kannada cinema nodi 🤗Kannada jai Karnataka mathee,20,0.0,0.3571,0.3571,0.6429,0.7143,False,high
Mixed feelings,Good ..but small dout karavali bittu berekade content sigalva.,9,0.0,0.5556,0.5556,0.4444,0.8889,False,high
Positive,Film nalli yellara kelasa chennagide.heroin super aagiddare .super aagi act maadiddarenDuddalli sothiddareno gothilla.kannadigara hrudayadalli film geddide.heroine ge dayAvittu chance kodi,20,0.0,0.65,0.65,0.35,0.7,False,high
Positive,Bro Ten minutes + video madi bro niuo mado video na nodta edre nodtane erbeku anisutte,16,0.0,0.5714,0.5714,0.4286,0.8571,False,high
Positive,Ebru kannada films na promote madtavre.ningyo kho beku comparison madodu......,10,0.0,0.4444,0.4444,0.5556,0.8889,False,high
Negative,Super guru ....hodi hodi channagi ti....hodi e tiktok kagegalge ...,10,0.0,0.5714,0.5714,0.4286,0.8571,False,high
Positive,Finally sonu gowda b day dhinane tiktok ban aythu,9,0.0,0.5556,0.5556,0.4444,0.8889,False,high
Positive,Super bro ninu,3,0.0,0.3333,0.3333,0.6667,0.6667,True,high
Negative,@TROLL MONSTER_KANNADA jail ge hog bandh sule maga,8,0.0,0.4286,0.4286,0.5714,0.8571,False,high
Positive,Nice d ಬಾಸ್ ಅಭಿಮಾನಿ,4,0.5,0.0,0.5,0.5,1.0,False,high
Positive,Rj naagraj naan bigg fan...neeu prathvi aadru naan nim Rj fan ...aadi age kushi aitu noodi ...film exlnt ee year supr move ...heroin sa acting exlnt . . whole team ....suprb,31,0.0,0.6957,0.6957,0.3043,0.6087,False,high
Mixed feelings,Sahitya and sangita eradu super movie blockbuster,7,0.0,0.4286,0.4286,0.5714,0.8571,False,high
Positive,Suuper bro... nan idu vargu tik tok app install made illa,11,0.0,0.6,0.6,0.4,0.8,False,high
Negative,@Sweekar Gowdaadyaru badavarige Uta sigtilla ande yallo nAa place n mobile number kalsu nNim mane hatra tane,17,0.0,0.6667,0.6667,0.3333,0.6667,False,high
Positive,Tappenu illa guru nijvaglu super..  Tik tok support madovrige kelge mele guta odibeku guru..,14,0.0,0.6923,0.6923,0.3077,0.6154,False,high
Negative,12 dislikes by gandu nanmakalu,5,0.0,0.5,0.5,0.5,1.0,False,high
Negative,@BAD BOY yappa Modlu Arta ago Tara type maadu,9,0.0,0.4,0.4,0.6,0.8,False,high
Negative,Yalla kannadigarugu ansthithu bere bashe movies maddohange yak namma kannada movies maddalla antha.. but evagaaa yak bere bashe movies nodbeku antha ansoke shuruuu agbhitidhe alva Karnataka???,26,0.0,0.6522,0.6522,0.3478,0.6957,False,high
Mixed feelings,Bro yav game,3,0.0,0.3333,0.3333,0.6667,0.6667,True,high
Positive,Maga super song,3,0.0,0.3333,0.3333,0.6667,0.6667,True,high
Positive,Pakka full gicchi gilili song... En song pa benki aiti.... Pakka ella record nu muriteti  .... Jai Karnataka,18,0.0,0.4545,0.4545,0.5455,0.9091,False,high
Positive,Movie super guro,3,0.0,0.3333,0.3333,0.6667,0.6667,True,high
Positive,Hoooo super guru nin voice bhal superrrr,7,0.0,0.4,0.4,0.6,0.8,False,high
Positive,Kannada na ond range ge tagond hogide rakshit ravara e film opkoloru like here,14,0.0,0.4286,0.4286,0.5714,0.8571,False,high
Mixed feelings,@TROLL MONSTER_KANNADA le baibeda avnu Boss fane kano ravindra,9,0.0,0.5714,0.5714,0.4286,0.8571,False,high
Positive,E movie li evre nan fav,6,0.0,0.3333,0.3333,0.6667,0.6667,False,high
Positive,Full roast madiddiya e somberigalige,5,0.0,0.4,0.4,0.6,0.8,False,high
Positive,Prudvi supar acting sakkat suuuuuupar film,6,0.0,0.6,0.6,0.4,0.8,False,high
Negative,Yak jana barthilla andre sir yaro loffer nanna maklu YouTube Facebook yella kadenu movie na akidare yellaru elle nodtare heg bartare heli,22,0.0,0.6667,0.6667,0.3333,0.6667,False,high
Positive,Super agi baidry Anna good talking,6,0.0,0.4,0.4,0.6,0.8,False,high
Negative,Nivu like goskara tiktok ge hogi idannella collect maadkondidira thane.niv  e video maadide full thappu .bcz nivu publisity goskare insta dalli follow maadi antha ella maathadthidira.matte avaru yella helidu thappu annodadre niv thumba bad words use maadidu thappe.,38,0.0,0.6842,0.6842,0.3158,0.6316,False,high
Positive,Super Kannada  song  mach nanu avane   Kannada,7,0.0,0.4,0.4,0.6,0.8,False,high
Positive,Fan war bittu dhayvittu ee movie ge support madrappa nam kannada movie Hollywood level ge barli.,16,0.0,0.3333,0.3333,0.6667,0.6667,False,high
Positive,Nijavaaglu adbhutha film plz encourage Kannada movie,7,0.0,0.3333,0.3333,0.6667,0.6667,False,high
Mixed feelings,Yelru mobile nalli nodidare theater hogi nodrapoa plz,8,0.0,0.625,0.625,0.375,0.75,False,high
Positive,super film kavanadalli kathe,4,0.0,0.5,0.5,0.5,1.0,False,high
Positive,Barbeaku hogbeku aste  nav ತು೦ಬಾ ಹೀರೋ s ನೋಡಿ sakhgidhe ok good luck,12,0.25,0.4167,0.6667,0.3333,0.6667,False,high
Positive,Sir Bermuda triangle bagge video maadi,6,0.0,0.4,0.4,0.6,0.8,False,high
Positive,Song chindi guru 🥰🥰,4,0.0,0.3333,0.3333,0.6667,0.6667,True,high
Positive,Main theater ella huduki sakagi hoythu,6,0.0,0.5,0.5,0.5,1.0,False,high
Positive,ಎಲ್ಲರೂ the best ಆಗಿ ಕೆಲಸ ಮಾಡಿದಿರ,6,0.6667,0.0,0.6667,0.3333,0.6667,False,high
Positive,Dada fans    ಕಡೆಯಿಂದ  ಅಲ್ಲ ದ  ಬೆಸ್ಟ್,6,0.6667,0.0,0.6667,0.3333,0.6667,False,high
Negative,Hejje hejjege tik tokers troll and roast maadi,8,0.0,0.625,0.625,0.375,0.75,False,high
Positive,Please intha cinemagalannu     gellisona ......namma hemmeya Kannada cinema,8,0.0,0.6667,0.6667,0.3333,0.6667,False,high
Positive,Bahusha nanna jeevana kooda nimma dariyalle naditha ide sir hat's off sir nimma swabhimaanakke,14,0.0,0.6429,0.6429,0.3571,0.7143,False,high
Mixed feelings,Ee song ge dislike yakro madtira istond chanagide making,9,0.0,0.5556,0.5556,0.4444,0.8889,False,high
Negative,Bere singer ge ee song kettidre innu cholo keltittu,9,0.0,0.6667,0.6667,0.3333,0.6667,False,high
Mixed feelings,Bro nivu yava game adtaiyidara please comment,7,0.0,0.4286,0.4286,0.5714,0.8571,False,high
Positive,Sir nim movie nodi nimge thumba ista aytu adre ondu bejaru agtide nNim movie song innu 2 songs release madiri please,21,0.0,0.65,0.65,0.35,0.7,False,high
Mixed feelings,Love story bandidde adre e Tara yavdu illa,8,0.0,0.5714,0.5714,0.4286,0.8571,False,high
Positive,Hindi song yalli,3,0.0,0.3333,0.3333,0.6667,0.6667,True,high
Mixed feelings,36 M nVideo viral agthila,5,0.0,0.5,0.5,0.5,1.0,False,high
Positive,super  ತೊಗರಿ  ತಿಪೃ,3,0.6667,0.0,0.6667,0.3333,0.6667,True,high
Positive,Super age ede,3,0.0,0.3333,0.3333,0.6667,0.6667,True,high
Mixed feelings,Nope i understood because im ಕನ್ನಡಿಗ,6,0.1667,0.1667,0.3333,0.6667,0.6667,False,high
Positive,Best film ide sirr love u alla ಯಾಕೆ ಇ film ಇಷ್ಟ ಅಂದ್ರೆ ಇದರಲ್ಲಿ ಬರುವ ಪಾತ್ರ ನಮ್ಮ್ಗ ಎನೂ link ಇದೇ ಅನ್ನೋ ಥರ ಇದೆ supper sir,24,0.5417,0.0833,0.625,0.375,0.75,False,high
Positive,Movie release aadmele matte pickup aaguthe,6,0.0,0.3333,0.3333,0.6667,0.6667,False,high
Mixed feelings,ನಮಸ್ಕಾರ super bro,3,0.3333,0.0,0.3333,0.6667,0.6667,True,high
Mixed feelings,starting baro music kundavani ಕುಂದಾಪುರದ u remake,7,0.1429,0.2857,0.4286,0.5714,0.8571,False,high
Positive,complete kwatley guru ninu..,4,0.0,0.5,0.5,0.5,1.0,False,high
Positive,E cinema na kandita theatre alli ne nodteni,8,0.0,0.375,0.375,0.625,0.75,False,high
Positive,Super bro nan nimna support maadthini,6,0.0,0.3333,0.3333,0.6667,0.6667,False,high
Negative,@Creative Kannadiga  le gubald atte Alla magalaganda andangaitu,8,0.0,0.6667,0.6667,0.3333,0.6667,False,high
Positive,E film yarigella ista agide..,5,0.0,0.6,0.6,0.4,0.8,False,high
Negative,Trailer barii ide nodlebeku..,4,0.0,0.5,0.5,0.5,1.0,False,high
Mixed feelings,Idu yava game bro,4,0.0,0.5,0.5,0.5,1.0,False,high
Positive,ಬಸವರಾಜ ಕೆಂಚರಡ್ಡಿ super,3,0.6667,0.0,0.6667,0.3333,0.6667,True,high
Negative,@d boss mania o brame nivu ede tara tilkolli avaru belitare,11,0.0,0.5455,0.5455,0.4545,0.9091,False,high
Positive,Niv supper boss,3,0.0,0.3333,0.3333,0.6667,0.6667,True,high
Negative,Eppa all fake,3,0.0,0.3333,0.3333,0.6667,0.6667,True,high
Positive,Hindiyelli film release madbekittu bro,5,0.0,0.4,0.4,0.6,0.8,False,high
Negative,@Nandi Parthasarathi nimma yashini boobs gojjekesari acting ge Oscar award fix,11,0.0,0.4444,0.4444,0.5556,0.8889,False,high
Mixed feelings,En music guru,3,0.0,0.3333,0.3333,0.6667,0.6667,True,high
Positive,En super movie sir edu....ond ond seen kuda mans mutto tara ede,12,0.0,0.4545,0.4545,0.5455,0.9091,False,high
Positive,ನಿಜವಾಗ್ಲೂ ಇದು ಚರಿತ್ರೆ ಸೃಷ್ಟಿಸೊ ಅವತಾರ.... song Rakshith sir.. all the very best..,12,0.4545,0.0,0.4545,0.5455,0.9091,False,high
Negative,@Ŕävîñđŕå_02_GøWđřú neenu beedhi soole maga.... neene bandu keliddu.... nan paadig naan comment maadidde.... Oh neev italy yavru alva lowdre.....?,19,0.0,0.6923,0.6923,0.3077,0.6154,False,high
Positive,Dia nan recent aagi nodiro moviegalalli Adbutha,7,0.0,0.6667,0.6667,0.3333,0.6667,False,high
Positive,Super song bro.... estsari kelidaru mate kelbek ansute...,8,0.0,0.5,0.5,0.5,1.0,False,high
Positive,Anna nevu super,3,0.0,0.3333,0.3333,0.6667,0.6667,True,high
Positive,@Royal Rumble onde ond sari kelde...nFirst time....ashtond ishta aglillanMatte matte kelta idre....nIshta agta ide.... #Slowpoison,15,0.0,0.7,0.7,0.3,0.6,False,high
Positive,Trailer superb Pajju promotion chennagi maadi pakka blockbuster agutte,9,0.0,0.5,0.5,0.5,1.0,False,high
Mixed feelings,Mumbai alli release madi,4,0.0,0.5,0.5,0.5,1.0,False,high
Positive,Suprb move ....rj nagarj come back m fvrtttt rj nagraj ....kushi aitu isttu oley move Ali act madidakke....,18,0.0,0.5385,0.5385,0.4615,0.9231,False,high
Positive,Sir superb nivu nim voice superb,6,0.0,0.3333,0.3333,0.6667,0.6667,False,high
Positive,miss ella madkololla bidi i can downlode in teligram or  swalpa dena odre tv nalle bharuthe,16,0.0,0.5,0.5,0.5,1.0,False,high
Positive,ನಮ್ಮ ಕನ್ನಡ ಇಂಡಸ್ಟ್ರೀಸ್ ಬೇರೆ ಲೋಕಕ್ಕೆ ತಗೊಂಡು ಹೋಗೊ ಸೀನಿಮಾ all the best rakshith sir,13,0.6154,0.0769,0.6923,0.3077,0.6154,False,high
Positive,Please re- release madi movie..nodade eiroru tumba jana eidare .. wait madtidare theater alli nodoke.,15,0.0,0.5714,0.5714,0.4286,0.8571,False,high
Positive,Supr bro aadhh yen kannadaa aaadhh yen punch waaaaa supr bro,11,0.0,0.4444,0.4444,0.5556,0.8889,False,high
Positive,Thandage thakka maga mado kelsa hemmenda madi all the best,10,0.0,0.7,0.7,0.3,0.6,False,high
Positive,Nijvaglu e song kelthidre kushyaguthe,5,0.0,0.6,0.6,0.4,0.8,False,high
Positive,Super bro i am happy tik tok ban agidu super our modi ji super hero,15,0.0,0.3333,0.3333,0.6667,0.6667,False,high
Positive,Supeeeeeeeeeeeeeeeer  .................. nam ajjii held nenap,6,0.0,0.5,0.5,0.5,1.0,False,high
Negative,Hottege anna thinnoru e reethi comment madbardu Naveen raj nimmonthavre star war ge karana plz ella d boss abhimanigalu ivna gadipar madbekagi vinanthi,23,0.0,0.5455,0.5455,0.4545,0.9091,False,high
Positive,Vijay prakash sir super voice,5,0.0,0.4,0.4,0.6,0.8,False,high
Negative,So 374 jana rashmika fans music video nodidare illi ವರಗೆ.,10,0.1111,0.3333,0.4444,0.5556,0.8889,False,high
Negative,neen yak guru aaa dagar rashmika ge compare madthiya,9,0.0,0.5,0.5,0.5,1.0,False,high
Mixed feelings,ನಾವು tik.tok use ಮಾಡಿದಿವಿ ಬ್ರದರ್ but,6,0.5,0.1667,0.6667,0.3333,0.6667,False,high
Positive,ಸೂಪರ್ ಗುರು vp voice ultimate,5,0.4,0.0,0.4,0.6,0.8,False,high
Mixed feelings,@akshay kumar Guru nan movie na first week theater nalli nodde I liked movie and referred my friends to see movie ಯಾರು ನೋಡಲಿಲ್ಲ ಅಂಥ ಅಂದ್ರೆ ನಾನ್ ನೋಡಿಲ್ಲ ಪ್ರೋತ್ಸಾಹ ಕೊಟಿಲ್ಲ ಅಂಥ ಅಲ್ಲ ದಯವಿಟ್ಟು ನೋಡ್ಕೊಂಡ್ ಮಾತಾಡಿ ನಮ್ಗೂ mathadokke ಬರುತೆ,37,0.4167,0.1389,0.5556,0.4444,0.8889,False,high
Positive,Yen huru helidiri super,4,0.0,0.5,0.5,0.5,1.0,False,high
Positive,video super bossu,3,0.0,0.3333,0.3333,0.6667,0.6667,True,high
Positive,Kiccha fans kade inda congratulations pajju,6,0.0,0.6667,0.6667,0.3333,0.6667,False,high
Negative,@d boss mania Kaili aagde iro shandru mai paruchkotave nnadak naav tale kedskolalla nndagar na nam karnataka dalle yavangu gottilla inna other state,23,0.0,0.5909,0.5909,0.4091,0.8182,False,high
Negative,@TROLL MONSTER_KANNADA lai dagar fansu jaggu dada flop u kurukshetra flopu tarak flop u,14,0.0,0.5385,0.5385,0.4615,0.9231,False,high
Positive,Yarella e hadige edict agidira like Madi,7,0.0,0.5,0.5,0.5,1.0,False,high
Positive,NAMMA modala web series,4,0.0,0.5,0.5,0.5,1.0,False,high
Positive,Kelta kelta finally idu kick kodtu. excellent,7,0.0,0.5714,0.5714,0.4286,0.8571,False,high
Negative,Ishtu bega YouTube li movie bitre theotre ge enukk hogtare jana,11,0.0,0.5455,0.5455,0.4545,0.9091,False,high
Negative,Theatre alli noduva movie alla alle ye .,8,0.0,0.5714,0.5714,0.4286,0.8571,False,high
Negative,Yake jana ogtila andre bec of telegram app bec yala movie galu 1 week ge sigtide yalrugu phone ale nodtidare.tuu itara ole cinimas na yaru ogi nodtilwala anode bejaruu.ban the telegram appnPlzz,32,0.0,0.5484,0.5484,0.4516,0.9032,False,high
Negative,Big boss kannada dalli ententa kachda jana haktare. Inta Olle janrana haki.,12,0.0,0.6,0.6,0.4,0.8,False,high
Positive,I love aadi,3,0.0,0.3333,0.3333,0.6667,0.6667,True,high
Mixed feelings,Marketing sariyaagi maadrappa istondu olle movie ge ingadre henge very imp marketing,12,0.0,0.5,0.5,0.5,1.0,False,high
Positive,Dharsha ge. Rost madu guru pls,6,0.0,0.4,0.4,0.6,0.8,False,high
Negative,Views nodi ne gottagatte promotion sari aagilla anta. Pan India movie idu. Please innu promotion beku. Saakagta illa.,18,0.0,0.5714,0.5714,0.4286,0.8571,False,high
Mixed feelings,En music guru,3,0.0,0.3333,0.3333,0.6667,0.6667,True,high
Negative,BoLi Maklu ee tara videos nu dislike maadtare,8,0.0,0.4286,0.4286,0.5714,0.8571,False,high
Mixed feelings,Yaav movie flop andri?,4,0.0,0.5,0.5,0.5,1.0,False,high
Positive,Super anna yenu thappila yela sari agi hellidira super,9,0.0,0.5556,0.5556,0.4444,0.8889,False,high
Positive,Bahala varshada nantara Togari Tippa Hasya keli santosh aayitu  thank you for this video,14,0.0,0.5455,0.5455,0.4545,0.9091,False,high
Positive,Super  jai kiccha sudeep anna,5,0.0,0.6,0.6,0.4,0.8,False,high
Positive,Editing yar guru 🤩,4,0.0,0.3333,0.3333,0.6667,0.6667,True,high
Negative,Mostly rashmika mandanna fans erbeku🤣,5,0.0,0.6,0.6,0.4,0.8,False,high
Positive,ಸೂಪರ್ ಬಗ್ರೌಂಡ್ music,3,0.6667,0.0,0.6667,0.3333,0.6667,True,high
Positive,Nanu tik tok use madutha ela bro .jai Indian army,10,0.0,0.6667,0.6667,0.3333,0.6667,False,high
Positive,Kaytidde bro Yarana  lyrics aktara anta 🥰🥰tq,7,0.0,0.6667,0.6667,0.3333,0.6667,False,high
Positive,Super gichhi Gili Gili boss,5,0.0,0.3333,0.3333,0.6667,0.6667,True,high
Negative,Cc camera footage thegiri ..avratra keli Mahabharata story,8,0.0,0.4286,0.4286,0.5714,0.8571,False,high
Positive,Film benki ide gurunKannada film industry li ide Tara saviraru cinema barli,12,0.0,0.3636,0.3636,0.6364,0.7273,False,high
Positive,I'm full addected this song nಇದು ಚರಿತ್ರೆ ಸ್ರಷ್ಠಿಸೊ ಅವತಾರ,9,0.4444,0.1111,0.5556,0.4444,0.8889,False,high
Positive,Sir prajakeeya'kke support madi sir daily 30sec adru adra bagge heli start madi sir pls eno help agutte subscriber bahala jana ide,22,0.0,0.4762,0.4762,0.5238,0.9524,False,high
Negative,Hands up anno pada ide alva 🤔,7,0.0,0.3333,0.3333,0.6667,0.6667,False,high
Negative,Aagle tv li haaaktidaaralla guru.....,5,0.0,0.3333,0.3333,0.6667,0.6667,True,high
Negative,Cuz ee film single screens alli thumba kade release aagilla.... multiplexs alli release aagidee...idu ond reason,16,0.0,0.5714,0.5714,0.4286,0.8571,False,high
Positive,Yen Clarity Guru nivu madiro video,6,0.0,0.5,0.5,0.5,1.0,False,high
Negative,Le tukali like dislike janakke bittaddu,6,0.0,0.5,0.5,0.5,1.0,False,high
Positive,ತುಂಬಾ ತುಂಬಾ ಚೆನ್ನಾಗಿದೆ....proud to be sandal wood,7,0.4286,0.0,0.4286,0.5714,0.8571,False,high
Negative,Flop disaster film is on the way...nಇದ್ ಎನ್ ಸಾಂಗ್ ಕುಲವ ಗುರು ಡಬ್ಬ ಸಾಂಗ್,13,0.5385,0.0,0.5385,0.4615,0.9231,False,high
Positive,love mocktel kuda super ide,5,0.0,0.4,0.4,0.6,0.8,False,high
Mixed feelings,ODEYA movie ginta ee movie super annoru like madi...,9,0.0,0.5,0.5,0.5,1.0,False,high
Positive,Y. Boss.ಅಭಿಮಾನಿಗಳ ಕಡೆಯಿಂದ. All the best Sir....,7,0.4,0.0,0.4,0.6,0.8,False,high
Positive,Nam college  alli degree  BE mugisdorigu nayvagi coding bareyoke barallla,10,0.0,0.5,0.5,0.5,1.0,False,high
Positive,Super song Andre edu,4,0.0,0.3333,0.3333,0.6667,0.6667,True,high
Positive,Correct alva guru nin mathu 100 sathya,7,0.0,0.5,0.5,0.5,1.0,False,high
Positive,Yaryaru matte nodtiddira like madi,5,0.0,0.6,0.6,0.4,0.8,False,high
Positive,Hands Up.... Addictive... Matte matte hadanna kelbeku ansatte,8,0.0,0.6,0.6,0.4,0.8,False,high
Negative,E song Alli dislike mado antadu enide,7,0.0,0.5,0.5,0.5,1.0,False,high
Positive,Super heart touching movies. Wonderful beautiful film. ಈ ಚಲನಚಿತ್ರವನ್ನು ಹೇಗೆ ವರ್ಣಿಸಬೇಕು ಅಂತ ಗೊತ್ತಾಗ್ತಿಲ್ಲ. ಪದಗಳೇ ಸಿಗುತ್ತಿಲ್ಲ. ನಾವು ಅಂತು n Waiting dia  chapter 2.,22,0.5263,0.0526,0.5789,0.4211,0.8421,False,high
Positive,naanu ollevarige mathra olle comments madtini sir ......ninnanta olle vektige ollede agutte sir shankar sir nimmanta seniors namage inspiration sir !!!! haage kuda anchor kuda super neevu kuda naanu mecchida anchor neevu,32,0.0,0.6667,0.6667,0.3333,0.6667,False,high
Positive,ಡಿ ಬಾಸ್ ಅಭಿಮಾನಿಗಳಿಂದ All the best,6,0.6,0.0,0.6,0.4,0.8,False,high
Positive,Guru nim voice nim creativity dailogs galu suuuuuuuuuuuuuuuuuuuuuuuuuper,8,0.0,0.5714,0.5714,0.4286,0.8571,False,high
Positive,Yaro guru ninu super,4,0.0,0.5,0.5,0.5,1.0,False,high
Positive,Super bro ban agide valedu,5,0.0,0.4,0.4,0.6,0.8,False,high
Positive,Nijawaglu nin hatra thumba talent ide guru super. Ninu roast mado style super.,13,0.0,0.4167,0.4167,0.5833,0.8333,False,high
Positive,Nanu kellida uthammavada maatugallu thanks sir,6,0.0,0.6667,0.6667,0.3333,0.6667,False,high
Mixed feelings,En song ide,3,0.0,0.3333,0.3333,0.6667,0.6667,True,high
Positive,smile madalu nodi joking vdo,5,0.0,0.6,0.6,0.4,0.8,False,high
Negative,S true. Ivattina namma industry kathe idu...  but inmunde e eradu sensational movies inda next yavde olle movie bandru nam jana olle response kodtare ankotidini...  hage adre innu ollede,29,0.0,0.5385,0.5385,0.4615,0.9231,False,high
Positive,Tik tok ban maadi. Ellari India app mitron app use maadi. Adhu same tik tok tharane idhe,17,0.0,0.6429,0.6429,0.3571,0.7143,False,high
Positive,Super sir namge thumba istavada kathe nam parents ge kelisbeku aadastu bega idanna,13,0.0,0.6154,0.6154,0.3846,0.7692,False,high
Positive,ಅರ್ಜುನ janya e music director na nodi kali,8,0.125,0.25,0.375,0.625,0.75,False,high
Positive,@DACCHU D BOSS ennu release aagila bro.,7,0.0,0.5,0.5,0.5,1.0,False,high
Positive,sakath dance performance,3,0.0,0.3333,0.3333,0.6667,0.6667,True,high
Positive,Beautiful movies sar,3,0.0,0.3333,0.3333,0.6667,0.6667,True,high
Positive,An anna nivu super bidi anna nivu,7,0.0,0.4286,0.4286,0.5714,0.8571,False,high
Positive,Togari tippa super star,4,0.0,0.5,0.5,0.5,1.0,False,high
Positive,Ede tym ge wait madta edhvi antu intu ban age bidtu,11,0.0,0.6364,0.6364,0.3636,0.7273,False,high
Positive,Tickets amount 10000 adru mosa illa ... Love you  all,10,0.0,0.4286,0.4286,0.5714,0.8571,False,high
Negative,Guru chaines apps yavyavu antha ondhu list kodi avna nam mobile ali instal madala,14,0.0,0.5,0.5,0.5,1.0,False,high
Positive,Sir mate Tik tok bandideee stop madsi http,8,0.0,0.3333,0.3333,0.6667,0.6667,False,high
Positive,Hindi nalli Madi movie oduthe plz,6,0.0,0.4,0.4,0.6,0.8,False,high
Positive,Super agi helidi anna,4,0.0,0.5,0.5,0.5,1.0,False,high
Negative,Gultu kuda same problem face madittu,6,0.0,0.5,0.5,0.5,1.0,False,high
Positive,Sir nim account num kodi sir,6,0.0,0.5,0.5,0.5,1.0,False,high
Negative,Entha song na dislike madtiralla loafer nan makkala thu nim janumakke,11,0.0,0.5455,0.5455,0.4545,0.9091,False,high
Negative,Love from Kerala anteeri adre olle movie ge support madalla.,10,0.0,0.4444,0.4444,0.5556,0.8889,False,high
Mixed feelings,@prithvi nayak nindu ade sudeep sir da caste alva,9,0.0,0.5556,0.5556,0.4444,0.8889,False,high
Positive,Adi dia super acting🥰,4,0.0,0.5,0.5,0.5,1.0,False,high
Negative,@Yash cult Guru lo guru bere heroes na support maadidre nin gantenaadru hoguttaa? Ellaa actors avre depore,17,0.0,0.5333,0.5333,0.4667,0.9333,False,high
Negative,@Sharath T Lo comment maadbeku anstu maaddhe Telugu commenta nange Telugu baralla...idhu Kannada song marre,15,0.0,0.7,0.7,0.3,0.6,False,high
Positive,Hamsalekha feel yarige bantu like madi...,6,0.0,0.4,0.4,0.6,0.8,False,high
Positive,Video noddor like kodro,4,0.0,0.5,0.5,0.5,1.0,False,high
Negative,E guru desapande ge remake bittu swamake madoke baralla nVishal mathu lakshmimenon Tamil movie idu,15,0.0,0.6429,0.6429,0.3571,0.7143,False,high
Positive,Na gentleman tiktok banu  super guru,6,0.0,0.3333,0.3333,0.6667,0.6667,False,high
Positive,Super rakshit shetty film song,5,0.0,0.4,0.4,0.6,0.8,False,high
Positive,Super agi helidera bro soooooper,5,0.0,0.5,0.5,0.5,1.0,False,high
Negative,Sulemakale tic tok uninstall madi,5,0.0,0.6,0.6,0.4,0.8,False,high
Positive,Super ತೋಗರಿ ತೀಪ್ಪ,3,0.6667,0.0,0.6667,0.3333,0.6667,True,high
Positive,Togari tippa story super,4,0.0,0.5,0.5,0.5,1.0,False,high
Positive,One time ge songe artha agolla. . Pakka bt kelbeku ennond sari ansatte. . .,15,0.0,0.6364,0.6364,0.3636,0.7273,False,high
Positive,Sir nivu bhal chennag matadtiri.all d best ...,8,0.0,0.5714,0.5714,0.4286,0.8571,False,high
Negative,Promotion madilla guru adke jana bandilla.,6,0.0,0.5,0.5,0.5,1.0,False,high
Mixed feelings,@Darshan Jain bro fans fans tara irona please personal agi family mele beda. Ibbarigu sari kanalla nanna mele ba illa nanna hero mele ba adu bittu family mele beda. It seems like worst.  You have also god(mother). Amma ammane yallara amma yallarigu ammane bro nimma amma namma amma bere anta enu iralla bro. Nanu ninna cmnt ge reply ade tara kodbavudu but nange amma nenpagutte so please understand.,68,0.0,0.5645,0.5645,0.4355,0.871,False,high
Negative,Movie nodilla andre nimagu “ HANDS UP !!!!!”,8,0.0,0.5,0.5,0.5,1.0,False,high
Negative,Idu yaavdo tamil film remake guru,6,0.0,0.3333,0.3333,0.6667,0.6667,False,high
Negative,@MOVIES BOX innu baiko..... naan yen avn fan alla🤣.... avn film fan ashte,13,0.0,0.5,0.5,0.5,1.0,False,high
Negative,ನಮ್ಮ ಹೀರೋ variety attitude king,5,0.4,0.0,0.4,0.6,0.8,False,high
Mixed feelings,@chetan kumarab nan yavagloo compare maddhe...,6,0.0,0.6,0.6,0.4,0.8,False,high
Positive,Super a'm waiting jantal man,5,0.0,0.4,0.4,0.6,0.8,False,high
Positive,Super ri boss lovely jai Kiccha Fan's jai rakshith Shetty boss,11,0.0,0.375,0.375,0.625,0.75,False,high
Mixed feelings,Sir nimma thumbnail sari illanNaanu ee film nodoke try madtiddini aadre bengaluralli ella kade 10,15,0.0,0.5714,0.5714,0.4286,0.8571,False,high
Positive,Film Andre idu. Super movie,5,0.0,0.3333,0.3333,0.6667,0.6667,True,high
Positive,Super guru tumba channag matadtira i like it,8,0.0,0.375,0.375,0.625,0.75,False,high
Negative,Sir ond compeny yalli kelsa madidra gov employes labor officer bookmadkond laber ge 5000 salry kotre employe mane  est kasta alva. yava gov sarilla sir nav egga comment madkondu saibeku aste,31,0.0,0.5667,0.5667,0.4333,0.8667,False,high
Positive,Pakka nim movie gellisutteve ##jai Kiccha boss,7,0.0,0.6667,0.6667,0.3333,0.6667,False,high
Negative,@Usha Rao modlu caste system hogbeku inter caste marriage hecchige agbeku...yavag caste hogutto avage reservation hogutte..ella kade nim caste yavudu anta kelore hecchidare..bekabitti illi yaru tinutilla adu hakkide...ella 75%india du property obbare caste hattir ide adu tamugu gottu.,38,0.0,0.6765,0.6765,0.3235,0.6471,False,high
Positive,A pistol idkondu hako step,5,0.0,0.4,0.4,0.6,0.8,False,high
Positive,D boss  fans sapot iratte 100day,6,0.0,0.4,0.4,0.6,0.8,False,high
Mixed feelings,Bro tik tok tirga bandida bro nijvagluindia dali,8,0.0,0.625,0.625,0.375,0.75,False,high
Negative,Kannada adru swalpa parvagilla guru Telugu Tamil movies anthu jaatre dialogue jaatre fighting over acting inda thumbi tuluktha ide.,19,0.0,0.5294,0.5294,0.4706,0.9412,False,high
Negative,Hands  up annodu heno bosudike,5,0.0,0.6,0.6,0.4,0.8,False,high
Mixed feelings,Yav movie remake hethidira sir,5,0.0,0.4,0.4,0.6,0.8,False,high
Positive,Super  guru  jai  hind  neenu  nijavada  barathiya mattu  karnatakada  hemmeya putra  I love you  brother,15,0.0,0.5333,0.5333,0.4667,0.9333,False,high
Positive,Superb song nange esta aytu,5,0.0,0.6,0.6,0.4,0.8,False,high
Positive,Song ista adaro illi like madi,6,0.0,0.6667,0.6667,0.3333,0.6667,False,high
Positive,Creative kannadiga super neevu..,4,0.0,0.5,0.5,0.5,1.0,False,high
Negative,Guru bari uninstall madi anta helbdi. Inmele account delete madi uninstall madok helok start madi inna,16,0.0,0.6,0.6,0.4,0.8,False,high
Negative,Sleeping beauty syndrome bari yuvakarige mathu yuvathige maatra baruthe ee vaisinnavirige alla ondhu point movie mistake,16,0.0,0.625,0.625,0.375,0.75,False,high
Positive,Entha movie multi language barbeku,5,0.0,0.4,0.4,0.6,0.8,False,high
Positive,basavaraj tambak artha madbeku movie na movie thara nodbeku,9,0.0,0.6667,0.6667,0.3333,0.6667,False,high
Negative,Super bro e nayiigulu erodrindane nam desha uddar agilla once again super bro,13,0.0,0.3846,0.3846,0.6154,0.7692,False,high
Positive,signature step ishta adare ootu ondu like nsong super ansiddre bidu eradu comment.. nninu kannadiga adare,16,0.0,0.6875,0.6875,0.3125,0.625,False,high
Positive,Nice song avane srimannarayana,4,0.0,0.5,0.5,0.5,1.0,False,high
Positive,Pakka hit agutthe guru movie,5,0.0,0.4,0.4,0.6,0.8,False,high
Negative,Modalu ninu pubj band madu nanu tik tok  down load madilla nanu use made Ella please delete from pubj,19,0.0,0.5556,0.5556,0.4444,0.8889,False,high
Positive,o my god wt a acting bro really my eyes are wet nice concept keep it up bro now a days alli avarage thumba bejar ago tara madatara jana naavu tilidu antavaru agi hag madidre hege heli naavu avara baavanegalige spandisibeku alva avaralli kuda thumba jana achive madidara tamil naadu alli oblu i.p.s agidale enu bala jana ne edara pls frds avarage naavu supportive agirbeku alva nice concept anna,69,0.0,0.4783,0.4783,0.5217,0.9565,False,high
Negative,Lo remake alla antha hekde tane,6,0.0,0.6667,0.6667,0.3333,0.6667,False,high
Positive,ಫಿದಾ ಆಗೆವಿ ಅಕ್ಕಾ ... ... gorgeous movie,7,0.6,0.0,0.6,0.4,0.8,False,high
Mixed feelings,Namdu mind set hege Andre,5,0.0,0.5,0.5,0.5,1.0,False,high
Positive,Like father like son Jaga mechchuvanta manushya.,7,0.0,0.3333,0.3333,0.6667,0.6667,False,high
Positive,Gentleman sir nevu,3,0.0,0.3333,0.3333,0.6667,0.6667,True,high
Positive,ASN asli sir benga ayti re song,7,0.0,0.5714,0.5714,0.4286,0.8571,False,high
Positive,RAKSHIT ABHIMAANIGALE!! Yaaru yaaru aa signature stepna try maadidiro illi like maadi!!,12,0.0,0.6,0.6,0.4,0.8,False,high
Positive,Banda  #AvanesrimannarayananAll the best,4,0.0,0.5,0.5,0.5,1.0,False,high
Positive,Nija guru ..... Aa takattu nam industry Alli yargu Ella....,10,0.0,0.5,0.5,0.5,1.0,False,high
Positive,Supar appu annan fans like madi,6,0.0,0.6667,0.6667,0.3333,0.6667,False,high
Positive,Suppr movie 100% days paka,5,0.0,0.5,0.5,0.5,1.0,False,high
Positive,Unique aagide trailer.. namma kannada film antha proud feel li bere languages frnds gella thorista idini trailer na,18,0.0,0.4444,0.4444,0.5556,0.8889,False,high
Mixed feelings,ಗುರು ಏನ್ editing,3,0.6667,0.0,0.6667,0.3333,0.6667,True,high
Negative,Louda cinema director pyscho channagiro cinema ending allii haal mad da,11,0.0,0.4545,0.4545,0.5455,0.9091,False,high
Negative,Anna en mast helde 100 plzzz innu innu publish Madi thukali tiktok ge end sigli,15,0.0,0.5833,0.5833,0.4167,0.8333,False,high
Negative,Supper bro chenngi ugdidira.🤝🤝🤝,4,0.0,0.3333,0.3333,0.6667,0.6667,True,high
Positive,Kannada ಚಿತ್ರರಂಗಕ್ಕೆ ... Signature movie agutte.. avane ಶ್ರೀಮನ್ನಾರಾಯಣ....,8,0.3333,0.3333,0.6667,0.3333,0.6667,False,high
Negative,Film koda e hadin Tara slow poison,7,0.0,0.3333,0.3333,0.6667,0.6667,False,high
Positive,Superrrrrrrr  agi heliya Anna tq u so mach video,9,0.0,0.4286,0.4286,0.5714,0.8571,False,high
Positive,One week salala .reach abeku ivag ela fast ide .nyc movie nodbeku etara agbhardu .node nodthare jana nodo tym ivag irbeku .etara agbhardu,23,0.0,0.6087,0.6087,0.3913,0.7826,False,high
Positive,Hands up    matte song kelbeku anta ansorige,7,0.0,0.4286,0.4286,0.5714,0.8571,False,high
Positive,Super super rakshit Shetty king.star,5,0.0,0.5,0.5,0.5,1.0,False,high
Mixed feelings,Bosssuuuuu super innu ugibeku tiktok yak ban madbeku annorge,9,0.0,0.625,0.625,0.375,0.75,False,high
Positive,Great sir nivu,3,0.0,0.3333,0.3333,0.6667,0.6667,True,high
Positive,Like madok agila andru parvagila......yaru dislike madbedi...,7,0.0,0.6,0.6,0.4,0.8,False,high
Negative,Wowww matte barlebardu ah daridra app,6,0.0,0.4,0.4,0.6,0.8,False,high
Negative,@Unity of India nam deshadalli poor people heecchide..yakandre caste system saluvagi avar hattir property hecchide karan avaru hinde caste system mele janagalannu looti madi tamma property hecchu madkondidare adre belove caste ge astu property iralla so adar saluvagi avaru yavaglu badadvarage ulitidare yavag nam sampattu samanavagi hanchuttivo avage desha develop agodu,51,0.0,0.64,0.64,0.36,0.72,False,high
Positive,Kannada film industry ge mattondu gari,6,0.0,0.3333,0.3333,0.6667,0.6667,False,high
Negative,Nikistark x promotion chennagi idrunu bere language ge jaathi priority kodtare....nam state li kannada movie ge support madalla distributors..,19,0.0,0.3333,0.3333,0.6667,0.6667,False,high
Positive,@Arman Babu anna ... thappu thilibedi.  I APPRECIATE YOUR KIND NATURE.  jai kannada. Happy Sunday .,16,0.0,0.5714,0.5714,0.4286,0.8571,False,high
Negative,Yavd yavd movie ge hogi dud kharch madidvi...bejaragi hogad bittivi...dia movie mobile li nodid mele theater nali nodbeku anstide...,19,0.0,0.5625,0.5625,0.4375,0.875,False,high
Negative,Bidu Gowda ge Alli hodi beku first avaru mane Alli avaru appa Amma ne kelluthiya dure Tiktok maduthirodana Ennu Nive yochane Madi evallu yetha kithu hogi erollu eru beku ethara avaru edane India ge Bad Name Mathe Namu inda girls ge nu Bad name,44,0.0,0.7,0.7,0.3,0.6,False,high
